course,level,subject,a+%,>=b+%,pass%
ACADENG100,100,ACADENG,1%,32%,87%
ACADENG101,100,ACADENG,3%,50%,87%
ACADENG104,100,ACADENG,1%,31%,91%
ACADENG210,200,ACADENG,8%,87%,98%
ACCTG102,100,ACCTG,10%,44%,88%
ACCTG151G,100,ACCTG,17%,63%,90%
ACCTG211,200,ACCTG,9%,33%,73%
ACCTG221,200,ACCTG,6%,39%,86%
ACCTG222,200,ACCTG,2%,35%,91%
ACCTG311,300,ACCTG,15%,47%,95%
ACCTG312,300,ACCTG,5%,50%,95%
ACCTG321,300,ACCTG,10%,63%,96%
ACCTG371,300,ACCTG,8%,50%,95%
ANCIENT110,100,ANCIENT,5%,38%,76%
ANCIENT110G,100,ANCIENT,4%,38%,78%
ANCIENT210,200,ANCIENT,17%,53%,78%
ANCIENT211,200,ANCIENT,41%,70%,93%
ANCIENT255,200,ANCIENT,8%,45%,89%
ANCIENT311,300,ANCIENT,24%,41%,41%
ANCIENT355,300,ANCIENT,15%,50%,82%
ANTHRO110,100,ANTHRO,18%,73%,89%
ANTHRO200,200,ANTHRO,4%,50%,82%
ANTHRO201,200,ANTHRO,3%,46%,84%
ANTHRO237,200,ANTHRO,5%,49%,82%
ANTHRO241,200,ANTHRO,12%,67%,88%
ANTHRO301,300,ANTHRO,13%,73%,85%
ANTHRO317,300,ANTHRO,29%,91%,93%
ANTHRO337,300,ANTHRO,5%,42%,89%
ANTHRO354,300,ANTHRO,10%,66%,79%
ANTHRO374,300,ANTHRO,8%,42%,82%
ANTHRO377,300,ANTHRO,40%,79%,96%
ARCHDES200,200,ARCHDES,10%,51%,95%
ARCHDES300,300,ARCHDES,16%,64%,96%
ARCHDRC203,200,ARCHDRC,10%,55%,94%
ARCHHTC341,300,ARCHHTC,3%,55%,97%
ARCHTECH207,200,ARCHTECH,8%,55%,95%
ARCHTECH314,300,ARCHTECH,2%,48%,99%
ARTHIST115,100,ARTHIST,6%,65%,87%
ARTHIST210,200,ARTHIST,8%,61%,92%
ARTHIST236,200,ARTHIST,5%,56%,87%
ARTHIST310,300,ARTHIST,15%,69%,92%
ARTHIST336,300,ARTHIST,6%,45%,84%
ARTSCHOL100A,100,ARTSCHOL,39%,83%,91%
ARTSCHOL200A,200,ARTSCHOL,46%,92%,97%
ARTSCHOL300A,300,ARTSCHOL,66%,93%,97%
ARTSGEN104,100,ARTSGEN,10%,45%,79%
ASIAN100,100,ASIAN,7%,43%,82%
ASIAN204,200,ASIAN,11%,65%,91%
ASIAN302,300,ASIAN,17%,72%,94%
ASTRO100,100,ASTRO,8%,40%,83%
ASTRO100G,100,ASTRO,6%,32%,75%
BIOMENG221,200,BIOMENG,31%,72%,96%
BIOMENG321,300,BIOMENG,30%,61%,93%
BIOMENG341,300,BIOMENG,12%,64%,99%
BIOSCI107,100,BIOSCI,21%,55%,90%
BIOSCI108,100,BIOSCI,18%,61%,89%
BIOSCI109,100,BIOSCI,9%,49%,88%
BIOSCI201,200,BIOSCI,9%,39%,81%
BIOSCI204,200,BIOSCI,3%,33%,83%
BIOSCI206,200,BIOSCI,5%,38%,87%
BIOSCI208,200,BIOSCI,7%,39%,89%
BIOSCI220,200,BIOSCI,10%,51%,88%
BIOSCI324,300,BIOSCI,6%,37%,83%
BIOSCI328,300,BIOSCI,7%,51%,91%
BIOSCI334,300,BIOSCI,3%,45%,91%
BIOSCI338,300,BIOSCI,18%,67%,95%
BIOSCI349,300,BIOSCI,5%,35%,85%
BIOSCI350,300,BIOSCI,6%,30%,80%
BIOSCI351,300,BIOSCI,20%,62%,92%
BIOSCI356,300,BIOSCI,16%,61%,96%
BIOSCI394,300,BIOSCI,19%,80%,96%
BLTENV101,100,BLTENV,8%,46%,96%
BLTENV102,100,BLTENV,4%,62%,95%
BLTENV103,100,BLTENV,7%,69%,95%
BUSAN200,200,BUSAN,8%,42%,85%
BUSAN201,200,BUSAN,7%,46%,85%
BUSAN300,300,BUSAN,18%,61%,87%
BUSAN302,300,BUSAN,23%,81%,98%
BUSINESS111,100,BUSINESS,1%,29%,89%
BUSINESS112,100,BUSINESS,2%,41%,93%
BUSINESS114,100,BUSINESS,4%,37%,86%
BUSINESS115,100,BUSINESS,7%,45%,90%
BUSINESS202,200,BUSINESS,3%,70%,97%
BUSINESS301,300,BUSINESS,49%,97%,99%
BUSINESS350,300,BUSINESS,6%,75%,98%
BUSINESS351,300,BUSINESS,7%,64%,99%
CAREER101,100,CAREER,12%,60%,88%
CHEM110,100,CHEM,16%,45%,81%
CHEM120,100,CHEM,10%,39%,76%
CHEM150,100,CHEM,13%,44%,79%
CHEM252,200,CHEM,6%,34%,79%
CHEM260,200,CHEM,5%,47%,92%
CHEM320,300,CHEM,9%,37%,77%
CHEM351,300,CHEM,11%,59%,96%
CHEM380,300,CHEM,12%,40%,84%
CHEM390,300,CHEM,10%,46%,87%
CHEM399,300,CHEM,22%,89%,99%
CHEMMAT201,200,CHEMMAT,13%,39%,86%
CHEMMAT204,200,CHEMMAT,15%,53%,89%
CHEMMAT206,200,CHEMMAT,11%,42%,88%
CHEMMAT301,300,CHEMMAT,20%,45%,90%
CHEMMAT305,300,CHEMMAT,19%,66%,96%
CHEMMAT306,300,CHEMMAT,13%,77%,97%
CHINESE100,100,CHINESE,62%,84%,90%
CHINESE100G,100,CHINESE,61%,87%,94%
CHINESE200,200,CHINESE,36%,76%,94%
CHINESE203,200,CHINESE,16%,66%,94%
CHINESE300,300,CHINESE,31%,85%,99%
CHINESE302,300,CHINESE,46%,84%,95%
CHINESE303,300,CHINESE,19%,79%,96%
CIVIL202,200,CIVIL,8%,27%,83%
CIVIL203,200,CIVIL,8%,48%,92%
CIVIL300,300,CIVIL,6%,46%,96%
CLINIMAG303A,300,CLINIMAG,1%,61%,96%
CLINIMAG402A,400,CLINIMAG,3%,71%,98%
COMLAW101,100,COMLAW,3%,31%,87%
COMLAW201,200,COMLAW,4%,32%,89%
COMLAW203,200,COMLAW,5%,43%,93%
COMLAW301,300,COMLAW,7%,42%,93%
COMLAW303,300,COMLAW,10%,45%,92%
COMLAW305,300,COMLAW,5%,53%,96%
COMLAW306,300,COMLAW,8%,43%,97%
COMMS100,100,COMMS,8%,56%,87%
COMMS207,200,COMMS,7%,58%,92%
COMMS210,200,COMMS,11%,55%,96%
COMMS213,200,COMMS,7%,67%,95%
COMMS214,200,COMMS,1%,50%,95%
COMMS307,300,COMMS,35%,87%,97%
COMMS318,300,COMMS,6%,79%,98%
COMMS321,300,COMMS,6%,82%,97%
COMMS323,300,COMMS,16%,52%,82%
COMPLIT206,200,COMPLIT,17%,75%,88%
COMPLIT302,300,COMPLIT,11%,45%,89%
COMPSCI101,100,COMPSCI,22%,45%,66%
COMPSCI110,100,COMPSCI,12%,43%,80%
COMPSCI111,100,COMPSCI,22%,62%,82%
COMPSCI120,100,COMPSCI,9%,32%,72%
COMPSCI130,100,COMPSCI,17%,42%,72%
COMPSCI210,200,COMPSCI,16%,48%,80%
COMPSCI215,200,COMPSCI,14%,42%,83%
COMPSCI220,200,COMPSCI,6%,32%,74%
COMPSCI225,200,COMPSCI,9%,34%,73%
COMPSCI230,200,COMPSCI,22%,45%,75%
COMPSCI331,300,COMPSCI,14%,57%,94%
COMPSCI345,300,COMPSCI,8%,64%,96%
COMPSCI350,300,COMPSCI,18%,40%,82%
COMPSCI351,300,COMPSCI,8%,45%,86%
COMPSCI361,300,COMPSCI,9%,48%,87%
COMPSCI369,300,COMPSCI,9%,34%,71%
COMPSCI373,300,COMPSCI,21%,49%,91%
COMPSCI380,300,COMPSCI,15%,40%,55%
COMPSCI399,300,COMPSCI,22%,78%,98%
COMPSYS201,200,COMPSYS,40%,74%,95%
COMPSYS302,300,COMPSYS,24%,77%,97%
COMPSYS305,300,COMPSYS,29%,72%,94%
CRIM204,200,CRIM,30%,79%,94%
CRIM208,200,CRIM,9%,57%,89%
CRIM301,300,CRIM,8%,64%,92%
CRIM310,300,CRIM,12%,49%,88%
DANCE101,100,DANCE,13%,58%,86%
DANCE101G,100,DANCE,15%,63%,90%
DANCE120,100,DANCE,6%,67%,91%
DANCE131,100,DANCE,4%,60%,92%
DANCE215,200,DANCE,20%,69%,95%
DANCE220,200,DANCE,8%,65%,94%
DANCE231,200,DANCE,8%,66%,93%
DANCE314,300,DANCE,10%,69%,95%
DANCE316,300,DANCE,0%,77%,97%
DANCE320,300,DANCE,11%,67%,98%
DANCE322,300,DANCE,9%,47%,93%
DESIGN100,100,DATASCI,7%,51%,90%
DESIGN101,100,DATASCI,11%,56%,89%
DESIGN102G,100,DESIGN,11%,64%,93%
DESIGN200,200,DESIGN,4%,67%,95%
DESIGN201,200,DESIGN,14%,71%,96%
DESIGN213,200,DESIGN,8%,62%,96%
DESIGN220,200,DESIGN,19%,81%,99%
DESIGN233,200,DESIGN,14%,69%,95%
DESIGN240,200,DESIGN,11%,47%,89%
DESIGN242,200,DESIGN,6%,57%,96%
DESIGN300,300,DESIGN,13%,73%,99%
DESIGN303,300,DESIGN,17%,62%,97%
DRAMA100,100,DISABLTY,17%,87%,95%
DRAMA100G,100,DISABLTY,17%,84%,95%
DRAMA202A,200,DISABLTY,7%,74%,93%
DRAMA306,300,DRAMA,11%,80%,94%
EARTHSCI105,100,EARTHSCI,26%,78%,95%
EARTHSCI105G,100,EARTHSCI,20%,68%,91%
EARTHSCI203,200,EARTHSCI,7%,36%,81%
EARTHSCI220,200,EARTHSCI,8%,53%,90%
EARTHSCI303,300,EARTHSCI,10%,64%,95%
EARTHSCI320,300,EARTHSCI,7%,67%,97%
EARTHSCI372,300,EARTHSCI,9%,52%,96%
ECON151,100,ECON,19%,55%,91%
ECON151G,100,ECON,17%,58%,91%
ECON152,100,ECON,15%,50%,89%
ECON201,200,ECON,33%,63%,91%
ECON203,200,ECON,21%,72%,96%
ECON211,200,ECON,15%,50%,89%
ECON212,200,ECON,38%,59%,82%
ECON221,200,ECON,19%,53%,87%
ECON271,200,ECON,19%,57%,92%
ECON301,300,ECON,16%,53%,88%
ECON303,300,ECON,31%,75%,98%
ECON321,300,ECON,10%,52%,90%
ECON341,300,ECON,18%,63%,96%
ECON361,300,ECON,22%,60%,92%
ECON372,300,ECON,16%,59%,92%
EDCURRIC109,100,EDCURRIC,21%,64%,87%
EDCURRIC113,100,EDCURRIC,7%,59%,94%
EDCURRIC201,200,EDCURRIC,16%,64%,97%
EDCURRIC206,200,EDCURRIC,22%,71%,97%
EDCURRM201,200,EDCURRM,14%,62%,95%
EDCURRM203,200,EDCURRM,35%,72%,96%
EDPROFM307A,300,EDPROFM,35%,84%,92%
EDPROFST104,100,EDPROFST,8%,54%,88%
EDPROFST208,200,EDPROFST,14%,59%,96%
EDPROFST209,200,EDPROFST,10%,48%,93%
EDPROFST211,200,EDPROFST,4%,31%,90%
EDPROFST215,200,EDPROFST,37%,74%,94%
EDPROFST217,200,EDPROFST,36%,77%,97%
EDPROFST307,300,EDPROFST,48%,93%,100%
EDPROFST307A,300,EDPROFST,28%,79%,95%
EDPROFST396,300,EDPROFST,13%,60%,100%
EDPROFST398,300,EDPROFST,20%,69%,94%
EDUC105,100,EDUC,26%,72%,89%
EDUC105G,100,EDUC,25%,69%,89%
EDUC115,100,EDUC,2%,21%,74%
EDUC116,100,EDUC,8%,46%,83%
EDUC121,100,EDUC,5%,36%,80%
EDUC121G,100,EDUC,15%,54%,88%
EDUC200,200,EDUC,15%,86%,100%
EDUC204,200,EDUC,5%,54%,90%
EDUC211,200,EDUC,46%,77%,89%
EDUC212,200,EDUC,9%,48%,89%
EDUC214,200,EDUC,10%,43%,90%
EDUC224,200,EDUC,2%,44%,88%
EDUC300,300,EDUC,5%,39%,93%
EDUC318,300,EDUC,8%,45%,92%
EDUC324,300,EDUC,24%,81%,97%
EDUC351,300,EDUC,13%,62%,94%
EDUCM324,300,EDUCM,25%,85%,100%
EDUCSW201,200,EDUCM,21%,68%,91%
EDUCSW303,300,EDUCSW,11%,50%,91%
ELECTENG291,200,ELECTENG,11%,35%,83%
ELECTENG307,300,ELECTENG,23%,58%,95%
ELECTENG310,300,ELECTENG,15%,71%,97%
ENGGEN121,100,ENGGEN,18%,58%,92%
ENGGEN140,100,ENGGEN,19%,72%,97%
ENGGEN303,300,ENGGEN,37%,95%,99%
ENGLISH114,100,ENGLISH,1%,53%,81%
ENGLISH121,100,ENGLISH,3%,26%,74%
ENGLISH121G,100,ENGLISH,1%,21%,74%
ENGLISH213,200,ENGLISH,4%,32%,84%
ENGLISH223,200,ENGLISH,7%,48%,83%
ENGLISH252,200,ENGLISH,13%,54%,79%
ENGLISH305,300,ENGLISH,8%,57%,88%
ENGLISH324,300,ENGLISH,9%,51%,84%
ENGLISH340,300,ENGLISH,10%,72%,92%
ENGLISH353,300,ENGLISH,5%,44%,92%
ENGSCI111,100,ENGLISH,25%,59%,90%
ENGSCI211,200,ENGSCI,23%,57%,90%
ENGSCI233,200,ENGSCI,38%,78%,96%
ENGSCI255,200,ENGSCI,36%,82%,97%
ENGSCI313,300,ENGSCI,15%,50%,92%
ENGSCI343,300,ENGSCI,30%,72%,96%
ENGSCI355,300,ENGSCI,50%,96%,99%
ENGSCI391,300,ENGSCI,39%,76%,94%
ENGWRIT101,100,ENGWRIT,2%,28%,73%
ENV100,100,ENGWRIT,10%,54%,92%
ENV101,100,ENGWRIT,25%,81%,96%
ENV102,100,ENGWRIT,3%,53%,89%
ENV103,100,ENGWRIT,19%,59%,89%
ENVENG300,300,ENVENG,26%,69%,98%
ENVPHYS300,300,ENVENG,8%,23%,62%
ENVSCI201,200,ENVSCI,5%,38%,85%
ENVSCI301,300,ENVSCI,12%,74%,97%
EUROPEAN100,100,ENVSCI,6%,56%,88%
EUROPEAN207,200,EUROPEAN,4%,53%,85%
EUROPEAN307,300,EUROPEAN,7%,56%,94%
EXERSCI101,100,EXERSCI,13%,45%,86%
EXERSCI201,200,EXERSCI,4%,38%,91%
EXERSCI203,200,EXERSCI,6%,48%,86%
EXERSCI271,200,EXERSCI,3%,40%,96%
EXERSCI301,300,EXERSCI,6%,43%,96%
EXERSCI305,300,EXERSCI,7%,47%,94%
EXERSCI399,300,EXERSCI,12%,87%,99%
FINANCE251,200,FINANCE,10%,43%,94%
FINANCE261,200,FINANCE,13%,52%,94%
FINANCE301,300,FINANCE,11%,60%,93%
FINANCE351,300,FINANCE,10%,51%,96%
FINANCE361,300,FINANCE,13%,49%,96%
FINANCE383,300,FINANCE,10%,67%,99%
FINEARTS109G,100,FINEARTS,4%,54%,93%
FINEARTS110,100,FINEARTS,54%,85%,93%
FINEARTS111,100,FINEARTS,7%,57%,89%
FINEARTS220,200,FINEARTS,26%,76%,90%
FINEARTS222,200,FINEARTS,22%,78%,95%
FINEARTS224,200,FINEARTS,18%,64%,92%
FINEARTS226,200,FINEARTS,7%,63%,90%
FINEARTS229,200,FINEARTS,12%,75%,94%
FINEARTS230,200,FINEARTS,20%,71%,93%
FINEARTS241,200,FINEARTS,7%,59%,89%
FINEARTS242,200,FINEARTS,6%,60%,94%
FINEARTS246,200,FINEARTS,19%,71%,94%
FINEARTS320,300,FINEARTS,9%,49%,96%
FOODSCI200,200,FOODSCI,12%,44%,88%
FOODSCI301,300,FOODSCI,4%,46%,92%
FOODSCI306,300,FOODSCI,12%,47%,92%
FOODSCI310,300,FOODSCI,2%,53%,99%
FOODSCI399,300,FOODSCI,12%,87%,98%
FRENCH101,100,FRENCH,18%,52%,80%
FRENCH101G,100,FRENCH,20%,54%,82%
FRENCH203,200,FRENCH,24%,70%,95%
FRENCH269,200,FRENCH,23%,83%,96%
FRENCH304,300,FRENCH,14%,63%,94%
GENDER208,200,FRENCH,6%,37%,81%
GENDER211,200,FRENCH,19%,50%,71%
GENDER311,300,FRENCH,16%,62%,85%
GEOG202,200,GEOG,6%,43%,87%
GEOG250,200,GEOG,18%,79%,97%
GEOG261,200,GEOG,9%,52%,91%
GEOG307,300,GEOG,9%,47%,89%
GEOG308,300,GEOG,17%,68%,93%
GEOG320,300,GEOG,8%,53%,88%
GEOG335,300,GEOG,6%,71%,95%
GEOG351,300,GEOG,11%,66%,95%
GERMAN101,100,GERMAN,21%,54%,80%
GERMAN101G,100,GERMAN,22%,59%,87%
GERMAN200,200,GERMAN,30%,74%,90%
GERMAN301,300,GERMAN,55%,81%,97%
GISCI241,200,GISCI,13%,68%,95%
GISCI242,200,GISCI,31%,69%,93%
GISCI343,300,GISCI,24%,58%,89%
GLOBAL102,100,GISCI,8%,75%,96%
GLOBAL250,200,GLOBAL,0%,79%,100%
GLOBAL300,300,GLOBAL,19%,79%,97%
HEALTHED202,200,HEALTHED,18%,65%,89%
HEALTHED302,300,HEALTHED,15%,39%,98%
HISTORY103,100,HEALTHED,9%,57%,85%
HISTORY103G,100,HEALTHED,7%,55%,86%
HISTORY108,100,HISTORY,5%,43%,81%
HISTORY217,200,HISTORY,2%,42%,86%
HISTORY252,200,HISTORY,5%,47%,83%
HISTORY317,300,HISTORY,2%,46%,89%
HISTORY352,300,HISTORY,10%,41%,81%
INFOMGMT192,100,INFOMGMT,9%,48%,86%
INFOSYS110,100,INFOSYS,5%,41%,88%
INFOSYS220,200,INFOSYS,6%,53%,86%
INFOSYS222,200,INFOSYS,6%,46%,84%
INFOSYS304,300,INFOSYS,9%,55%,88%
INFOSYS305,300,INFOSYS,6%,69%,99%
INFOSYS306,300,INFOSYS,5%,66%,97%
INFOSYS321,300,INFOSYS,5%,35%,86%
INNOVATE100,100,INFOSYS,0%,33%,58%
INNOVATE100G,100,INNOVATE,9%,68%,93%
INNOVENT203,200,INNOVENT,3%,66%,97%
INNOVENT204,200,INNOVENT,4%,59%,97%
INNOVENT307,300,INNOVENT,8%,67%,97%
INNOVENT309,300,INNOVENT,4%,34%,98%
INTBUS201,200,INTBUS,2%,51%,96%
INTBUS202,200,INTBUS,3%,55%,96%
INTBUS300,300,INTBUS,3%,37%,92%
INTBUS306,300,INTBUS,7%,52%,98%
ITALIAN100,100,ITALIAN,26%,65%,83%
ITALIAN100G,100,ITALIAN,31%,69%,88%
ITALIAN200,200,ITALIAN,31%,73%,89%
ITALIAN300,300,ITALIAN,39%,68%,73%
JAPANESE130,100,ITALIAN,23%,58%,84%
JAPANESE130G,100,ITALIAN,33%,68%,93%
JAPANESE150,100,JAPANESE,4%,32%,79%
JAPANESE231,200,JAPANESE,25%,60%,90%
JAPANESE292,200,JAPANESE,3%,37%,83%
JAPANESE308,300,JAPANESE,5%,40%,85%
JAPANESE331,300,JAPANESE,31%,80%,97%
KOREAN110,100,JAPANESE,29%,64%,87%
KOREAN110G,100,JAPANESE,32%,69%,93%
KOREAN200,200,KOREAN,30%,72%,93%
KOREAN203,200,KOREAN,29%,65%,91%
KOREAN300,300,KOREAN,26%,69%,98%
LANGTCHG101,100,LANGTCHG,9%,44%,83%
LANGTCHG205,200,LANGTCHG,8%,56%,95%
LANGTCHG301,300,LANGTCHG,6%,48%,93%
LANGTCHG311,300,LANGTCHG,29%,72%,94%
LATIN100,100,LANGTCHG,23%,43%,72%
LATIN100G,100,LANGTCHG,29%,55%,79%
LATIN200,200,LATIN,43%,72%,89%
LATIN201,200,LATIN,20%,43%,55%
LATIN301,300,LATIN,25%,53%,68%
LAW121G,100,LAW,1%,38%,85%
LAW201A,200,LAW,0%,43%,94%
LAW211A,200,LAW,1%,37%,92%
LAW231A,200,LAW,1%,39%,92%
LAW241A,200,LAW,0%,32%,88%
LAW298A,200,LAW,2%,66%,94%
LAW301A,300,LAW,1%,39%,94%
LAW306A,300,LAW,0%,41%,95%
LAW316,300,LAW,3%,44%,95%
LAW456,400,LAW,5%,43%,48%
LAW458,400,LAW,1%,57%,97%
LAWCOMM413,400,LAW,2%,53%,94%
LAWCOMM416,400,LAW,6%,59%,96%
LAWCOMM422,400,LAWCOMM,1%,52%,88%
LAWCOMM428,400,LAWCOMM,1%,57%,96%
LAWCOMM458,400,LAWCOMM,5%,58%,95%
LAWCOMM462,400,LAWCOMM,8%,75%,92%
LAWCOMM463,400,LAWCOMM,13%,56%,88%
LAWCOMM464,400,LAWCOMM,1%,49%,95%
LAWENVIR404,400,LAWCOMM,0%,59%,94%
LAWGENRL400,400,LAWENVIR,4%,76%,78%
LAWGENRL413,400,LAWGENRL,1%,61%,95%
LAWGENRL415,400,LAWGENRL,0%,46%,95%
LAWGENRL418,400,LAWGENRL,11%,93%,97%
LAWGENRL419,400,LAWGENRL,21%,93%,100%
LAWGENRL421,400,LAWGENRL,1%,71%,96%
LAWGENRL429,400,LAWGENRL,1%,51%,97%
LAWGENRL432,400,LAWGENRL,2%,58%,96%
LAWGENRL433,400,LAWGENRL,5%,94%,97%
LAWGENRL464,400,LAWGENRL,0%,38%,42%
LAWPUBL409A,400,LAWPUBL,3%,83%,100%
LAWPUBL410,400,LAWPUBL,6%,52%,93%
LAWPUBL422,400,LAWPUBL,2%,40%,88%
LAWPUBL425,400,LAWPUBL,0%,69%,97%
LAWPUBL428,400,LAWPUBL,2%,53%,94%
LAWPUBL432,400,LAWPUBL,5%,67%,97%
LAWPUBL441,400,LAWPUBL,9%,66%,95%
LINGUIST100,100,LINGUIST,13%,40%,75%
LINGUIST200,200,LINGUIST,37%,58%,80%
LINGUIST201,200,LINGUIST,22%,62%,90%
LINGUIST322,300,LINGUIST,32%,76%,92%
LOGICOMP301,300,LINGUIST,26%,70%,94%
MAORI101,100,MAORI,30%,68%,87%
MAORI101G,100,MAORI,20%,56%,84%
MAORI103,100,MAORI,61%,82%,91%
MAORI103G,100,MAORI,54%,83%,93%
MAORI131,100,MAORI,70%,87%,91%
MAORI190,100,MAORI,25%,77%,88%
MAORI200,200,MAORI,19%,60%,84%
MAORI203,200,MAORI,25%,66%,86%
MAORI233,200,MAORI,17%,71%,84%
MAORI301,300,MAORI,16%,64%,90%
MAORI302,300,MAORI,22%,60%,85%
MAORI393,300,MAORI,20%,42%,78%
MAORI396,300,MAORI,18%,69%,87%
MAORIHTH21H,200,MAORIHTH,10%,55%,93%
MAORIHTH23H,200,MAORIHTH,17%,49%,91%
MAORIHTH25H,200,MAORIHTH,9%,55%,93%
MAORIHTH27H,200,MAORIHTH,14%,64%,95%
MAORIHTH29H,200,MAORIHTH,25%,56%,92%
MAORIHTH301,300,MAORIHTH,9%,58%,97%
MARINE100,100,MAORIHTH,21%,74%,94%
MARINE100G,100,MAORIHTH,22%,68%,92%
MARINE202,200,MAORIHTH,9%,51%,92%
MARINE303,300,MARINE,3%,43%,92%
MARINE399,300,MARINE,22%,72%,94%
MATHS102,100,MATHS,17%,42%,74%
MATHS108,100,MATHS,12%,36%,76%
MATHS110,100,MATHS,16%,44%,78%
MATHS120,100,MATHS,15%,38%,68%
MATHS130,100,MATHS,13%,39%,72%
MATHS162,100,MATHS,18%,43%,76%
MATHS199,100,MATHS,42%,78%,96%
MATHS208,200,MATHS,12%,37%,82%
MATHS250,200,MATHS,17%,44%,78%
MATHS253,200,MATHS,20%,49%,80%
MATHS254,200,MATHS,15%,39%,76%
MATHS260,200,MATHS,19%,46%,82%
MATHS326,300,MATHS,14%,37%,76%
MATHS328,300,MATHS,25%,51%,83%
MATHS333,300,MATHS,35%,62%,88%
MATHS361,300,MATHS,16%,41%,81%
MATHS363,300,MATHS,22%,50%,88%
MATHS399,300,MATHS,35%,80%,96%
MBCHB221A,200,MATHS,7%,83%,96%
MBCHB311A,300,MATHS,9%,91%,99%
MBCHB321A,300,MATHS,5%,79%,96%
MECHENG201,200,MATHS,30%,85%,99%
MECHENG235,200,MECHENG,14%,67%,96%
MECHENG242,200,MECHENG,19%,57%,93%
MECHENG313,300,MECHENG,21%,85%,99%
MECHENG322,300,MECHENG,25%,59%,95%
MECHENG334,300,MECHENG,13%,73%,97%
MECHENG340,300,MECHENG,12%,38%,91%
MECHENG370,300,MECHENG,28%,82%,99%
MEDIA101,100,MEDIA,3%,36%,85%
MEDIA222,200,MEDIA,11%,47%,87%
MEDIA237,200,MEDIA,11%,59%,91%
MEDIA327,300,MEDIA,7%,47%,92%
MEDIA337,300,MEDIA,3%,60%,94%
MEDIA340,300,MEDIA,3%,69%,100%
MEDIMAGE201,200,MEDIA,14%,80%,99%
MEDIMAGE301,300,MEDIMAGE,13%,86%,100%
MEDIMAGE302,300,MEDIMAGE,8%,72%,100%
MEDIMAGE307,300,MEDIMAGE,1%,71%,100%
MEDSCI100G,100,MEDIMAGE,7%,40%,84%
MEDSCI201,200,MEDSCI,4%,26%,81%
MEDSCI202,200,MEDSCI,11%,60%,95%
MEDSCI203,200,MEDSCI,11%,52%,91%
MEDSCI205,200,MEDSCI,2%,31%,84%
MEDSCI311,300,MEDSCI,9%,52%,93%
MEDSCI313,300,MEDSCI,6%,50%,92%
MEDSCI315,300,MEDSCI,6%,53%,94%
MEDSCI316,300,MEDSCI,6%,41%,89%
MEDSCI318,300,MEDSCI,1%,35%,95%
MEDSCI319,300,MEDSCI,6%,40%,93%
MGMT211,200,MGMT,3%,41%,95%
MGMT223,200,MGMT,3%,48%,94%
MGMT304,300,MGMT,3%,44%,95%
MGMT309,300,MGMT,6%,51%,96%
MGMT314,300,MGMT,5%,44%,94%
MKTG151,100,MGMT,3%,46%,90%
MKTG151G,100,MGMT,5%,50%,92%
MKTG202,200,MKTG,4%,46%,93%
MKTG203,200,MKTG,1%,40%,97%
MKTG301,300,MKTG,3%,74%,99%
MKTG303,300,MKTG,2%,57%,97%
MKTG304,300,MKTG,5%,70%,97%
MKTG309,300,MKTG,2%,56%,97%
MUS103,100,MKTG,16%,44%,77%
MUS106,100,MUS,21%,64%,85%
MUS110,100,MUS,17%,62%,87%
MUS120,100,MUS,18%,79%,89%
MUS121,100,MUS,16%,74%,86%
MUS125,100,MUS,7%,57%,85%
MUS130,100,MUS,14%,46%,77%
MUS144G,100,MUS,4%,31%,80%
MUS149,100,MUS,17%,49%,84%
MUS149G,100,MUS,22%,58%,87%
MUS170,100,MUS,13%,71%,92%
MUS180,100,MUS,11%,61%,86%
MUS191A,100,MUS,20%,77%,85%
MUS192A,100,MUS,23%,66%,77%
MUS193A,100,MUS,6%,61%,67%
MUS196A,100,MUS,10%,34%,65%
MUS197A,100,MUS,30%,87%,89%
MUS203,200,MUS,8%,38%,84%
MUS205,200,MUS,4%,30%,88%
MUS206,200,MUS,10%,69%,87%
MUS210,200,MUS,22%,58%,90%
MUS214,200,MUS,18%,74%,96%
MUS220,200,MUS,26%,81%,91%
MUS221,200,MUS,22%,85%,94%
MUS224,200,MUS,8%,38%,79%
MUS225,200,MUS,5%,46%,91%
MUS230,200,MUS,13%,69%,92%
MUS245,200,MUS,0%,26%,37%
MUS258,200,MUS,24%,45%,71%
MUS270,200,MUS,18%,80%,95%
MUS274,200,MUS,16%,63%,92%
MUS280,200,MUS,9%,73%,97%
MUS282,200,MUS,8%,51%,71%
MUS283,200,MUS,5%,26%,58%
MUS284,200,MUS,14%,42%,92%
MUS292A,200,MUS,31%,74%,87%
MUS293A,200,MUS,0%,50%,50%
MUS297A,200,MUS,46%,96%,98%
MUS310,300,MUS,16%,71%,90%
MUS314,300,MUS,14%,60%,83%
MUS320,300,MUS,24%,83%,89%
MUS321,300,MUS,24%,80%,89%
MUS330,300,MUS,13%,66%,92%
MUS334,300,MUS,14%,45%,88%
MUS345,300,MUS,5%,36%,77%
MUS362,300,MUS,36%,79%,94%
MUS370,300,MUS,27%,82%,98%
MUS375,300,MUS,17%,55%,86%
MUS380,300,MUS,9%,51%,95%
MUS382,300,MUS,7%,34%,47%
MUS391A,300,MUS,33%,81%,85%
MUS392A,300,MUS,39%,89%,93%
MUS393A,300,MUS,3%,66%,66%
MUS397A,300,MUS,38%,97%,98%
NSGEN47,400,MUS,2%,32%,65%
NSMAT14,100,MUS,22%,67%,82%
NURSING104,100,MUS,15%,56%,97%
NURSING201,200,NURSING,2%,48%,98%
NURSING301,300,NURSING,7%,83%,99%
OPSMGT255,200,OPSMGT,9%,45%,92%
OPSMGT258,200,OPSMGT,8%,46%,88%
OPSMGT357,300,OPSMGT,10%,63%,94%
OPSMGT370,300,OPSMGT,10%,54%,97%
OPSMGT376,300,OPSMGT,7%,48%,96%
OPTOM216A,200,OPTOM,5%,86%,99%
OPTOM263A,200,OPTOM,5%,56%,97%
OPTOM272A,200,OPTOM,5%,46%,97%
OPTOM316A,300,OPTOM,4%,67%,99%
OPTOM345A,300,OPTOM,11%,82%,99%
OPTOM353A,300,OPTOM,7%,67%,99%
OPTOM375A,300,OPTOM,10%,89%,100%
OPTOM416A,400,OPTOM,4%,72%,99%
OPTOM430A,400,OPTOM,6%,58%,99%
OPTOM442A,400,OPTOM,7%,77%,99%
OPTOM450A,400,OPTOM,5%,79%,99%
PACIFIC100,100,OPTOM,17%,50%,79%
PACIFIC100G,100,OPTOM,12%,52%,84%
PACIFIC110,100,PACIFIC,12%,63%,85%
PACIFIC200,200,PACIFIC,14%,47%,86%
PACIFIC213,200,PACIFIC,7%,41%,77%
PACIFIC214,200,PACIFIC,11%,43%,77%
PACIFIC304,300,PACIFIC,23%,67%,84%
PACIFIC310,300,PACIFIC,8%,42%,69%
PACIFIC313,300,PACIFIC,10%,46%,80%
PACIFIC314,300,PACIFIC,13%,55%,79%
PHARMACY211,200,PHARMACY,3%,51%,97%
PHARMACY212,200,PHARMACY,13%,64%,98%
PHARMACY311,300,PHARMACY,6%,57%,98%
PHARMACY413A,400,PHARMACY,0%,70%,100%
PHIL100,100,PHARMCOL,2%,37%,79%
PHIL105,100,PHIL,6%,40%,83%
PHIL105G,100,PHIL,6%,40%,84%
PHIL206,200,PHIL,12%,63%,86%
PHIL216,200,PHIL,20%,48%,82%
PHIL225,200,PHIL,1%,53%,88%
PHIL268,200,PHIL,4%,56%,89%
PHIL302,300,PHIL,5%,54%,86%
PHIL306,300,PHIL,12%,57%,84%
PHIL345,300,PHIL,3%,63%,91%
PHIL368,300,PHIL,5%,59%,90%
PHYSED101,100,PHIL,12%,62%,89%
PHYSICS102,100,PHYSED,15%,42%,76%
PHYSICS120,100,PHYSICS,6%,22%,65%
PHYSICS140,100,PHYSICS,10%,35%,75%
PHYSICS201,200,PHYSICS,19%,49%,87%
PHYSICS244,200,PHYSICS,17%,48%,79%
PHYSICS331,300,PHYSICS,20%,48%,91%
PHYSICS332,300,PHYSICS,12%,55%,93%
PHYSICS334,300,PHYSICS,31%,58%,90%
PHYSICS340,300,PHYSICS,30%,70%,97%
PHYSICS390,300,PHYSICS,29%,58%,76%
PHYSICS399,300,PHYSICS,52%,89%,94%
POLITICS109,100,POLITICS,4%,41%,82%
POLITICS201,200,POLITICS,5%,53%,88%
POLITICS202,200,POLITICS,2%,58%,92%
POLITICS207,200,POLITICS,4%,44%,89%
POLITICS233,200,POLITICS,4%,39%,81%
POLITICS314,300,POLITICS,7%,51%,86%
POLITICS320,300,POLITICS,3%,48%,88%
POPLHLTH101,100,POPLHLTH,2%,43%,91%
POPLHLTH111,100,POPLHLTH,19%,56%,93%
POPLHLTH202,200,POPLHLTH,1%,44%,93%
POPLHLTH203,200,POPLHLTH,8%,55%,87%
POPLHLTH204,200,POPLHLTH,7%,60%,94%
POPLHLTH206,200,POPLHLTH,16%,63%,93%
POPLHLTH210,200,POPLHLTH,4%,54%,94%
POPLHLTH213,200,POPLHLTH,14%,45%,92%
POPLHLTH215,200,POPLHLTH,1%,50%,89%
POPLHLTH300,300,POPLHLTH,4%,67%,98%
POPLHLTH302,300,POPLHLTH,12%,65%,99%
POPLHLTH303,300,POPLHLTH,4%,69%,90%
POPLHLTH304,300,POPLHLTH,13%,68%,96%
POPLHLTH307,300,POPLHLTH,6%,77%,98%
PROPERTY221,200,PROPERTY,6%,61%,96%
PROPERTY231,200,PROPERTY,2%,62%,97%
PROPERTY241,200,PROPERTY,4%,52%,95%
PROPERTY251,200,PROPERTY,12%,45%,82%
PROPERTY311,300,PROPERTY,11%,57%,93%
PROPERTY342,300,PROPERTY,4%,34%,91%
PROPERTY351,300,PROPERTY,9%,72%,99%
PROPERTY361,300,PROPERTY,11%,67%,97%
PROPERTY380,300,PROPERTY,7%,67%,97%
PSYCH108,100,PSYCH,11%,48%,85%
PSYCH109,100,PSYCH,6%,37%,86%
PSYCH109G,100,PSYCH,4%,28%,82%
PSYCH200,200,PSYCH,11%,41%,90%
PSYCH202,200,PSYCH,14%,50%,91%
PSYCH207,200,PSYCH,5%,44%,92%
PSYCH303,300,PSYCH,8%,41%,87%
PSYCH306,300,PSYCH,26%,70%,96%
PSYCH308A,300,PSYCH,40%,60%,60%
PSYCH309,300,PSYCH,10%,46%,89%
PSYCH311,300,PSYCH,4%,51%,94%
PSYCH313,300,PSYCH,4%,53%,96%
PSYCH317,300,PSYCH,8%,42%,89%
PSYCH370A,300,PSYCH,45%,61%,63%
PSYCH399,300,PSYCH,31%,92%,100%
SAMOAN101,100,RUSSIAN,18%,58%,86%
SAMOAN101G,100,RUSSIAN,15%,52%,79%
SAMOAN301,300,SAMOAN,9%,44%,85%
SCIGEN101,100,SCIGEN,6%,40%,83%
SCIGEN101G,100,SCIGEN,5%,37%,83%
SCIGEN201,200,SCIGEN,7%,54%,91%
SCIGEN399,300,SCIGEN,19%,90%,99%
SOCIOL100,100,SOCHLTH,8%,54%,85%
SOCIOL105,100,SOCIOL,5%,41%,76%
SOCIOL217,200,SOCIOL,6%,41%,81%
SOCIOL229,200,SOCIOL,16%,58%,89%
SOCIOL300,300,SOCIOL,8%,52%,86%
SOCIOL309,300,SOCIOL,2%,36%,88%
SOCWORK200A,200,SOCWORK,11%,36%,79%
SOCWORK201A,200,SOCWORK,17%,60%,83%
SOCWORK202A,200,SOCWORK,11%,44%,79%
SOCWORK221A,200,SOCWORK,7%,40%,77%
SOCWORK311,300,SOCWORK,14%,69%,98%
SOCWORK315,300,SOCWORK,34%,79%,98%
SOCWORK401,400,SOCWORK,2%,64%,100%
SOCWORK411,400,SOCWORK,9%,52%,97%
SOCWORK413,400,SOCWORK,12%,45%,93%
SOCWORK426,400,SOCWORK,16%,78%,98%
SOFTENG281,200,SOFTENG,41%,70%,92%
SOFTENG282,200,SOFTENG,26%,82%,99%
SOFTENG350,300,SOFTENG,23%,91%,99%
SOFTENG351,300,SOFTENG,31%,86%,98%
SOFTENG370,300,SOFTENG,20%,72%,97%
SPANISH104,100,SPANISH,12%,41%,78%
SPANISH104G,100,SPANISH,12%,41%,79%
SPANISH200,200,SPANISH,20%,68%,95%
SPANISH319,300,SPANISH,23%,68%,96%
SPORT202,200,SPANISH,28%,55%,93%
SPORTHPE102,100,SPORTHPE,17%,43%,78%
SPORTHPE104,100,SPORTHPE,7%,28%,81%
SPORTHPE202,200,SPORTHPE,16%,46%,79%
SPORTHPE301,300,SPORTHPE,7%,38%,94%
STATS100,100,SPORTHPE,8%,38%,79%
STATS101,100,STATS,13%,46%,82%
STATS108,100,STATS,11%,47%,86%
STATS125,100,STATS,32%,63%,86%
STATS201,200,STATS,13%,43%,81%
STATS208,200,STATS,12%,44%,81%
STATS210,200,STATS,18%,49%,85%
STATS220,200,STATS,19%,50%,87%
STATS225,200,STATS,24%,57%,86%
STATS255,200,STATS,8%,35%,72%
STATS302,300,STATS,11%,51%,87%
STATS310,300,STATS,13%,41%,75%
STATS320,300,STATS,29%,62%,87%
STATS326,300,STATS,11%,45%,86%
STATS330,300,STATS,11%,45%,87%
STATS380,300,STATS,11%,48%,85%
STRCTENG200,200,STATS,3%,24%,87%
STRCTENG300,300,STATS,5%,42%,94%
STRCTENG301,300,STATS,6%,40%,90%
STRCTENG304,300,STATS,4%,37%,94%
SUSTAIN200,200,STATS,11%,59%,94%
THEOREL101,100,STATS,32%,69%,88%
THEOREL101G,100,STATS,33%,72%,88%
THEOREL201,200,STATS,22%,63%,85%
THEOREL206,200,STATS,4%,26%,52%
THEOREL216,200,STATS,23%,60%,87%
THEOREL306,300,STATS,20%,36%,60%
THEOREL316,300,STATS,32%,53%,76%
THEOREL320,300,STATS,31%,62%,69%
TONGAN101,100,STATS,4%,49%,79%
TONGAN101G,100,STATS,8%,55%,86%
TONGAN301,300,STATS,11%,38%,46%
URBPLAN221,200,STATS,10%,90%,97%
URBPLAN222,200,STATS,5%,70%,98%
URBPLAN225,200,STATS,6%,69%,97%
URBPLAN321,300,STATS,3%,82%,100%
URBPLAN322,300,STATS,3%,47%,99%
URBPLAN325,300,STATS,3%,60%,99%
WINESCI201,200,STATS,8%,43%,90%
WTR100,100,STATS,15%,67%,91%
WTRBUS100,100,STATS,1%,64%,95%
WTRENG100,100,STATS,21%,84%,98%
WTRMHS100,100,STATS,20%,88%,98%
WTRSCI100,100,STATS,50%,83%,95%
ACCTG323,300,ACCTG,3%,44%,95%
ACCTG331,300,ACCTG,4%,45%,94%
ANCIENT104,100,ACCTG,7%,49%,84%
ANCIENT220,200,ANCIENT,16%,42%,65%
ANCIENT221,200,ANCIENT,47%,77%,91%
ANCIENT252,200,ANCIENT,37%,70%,84%
ANCIENT260,200,ANCIENT,8%,49%,84%
ANCIENT321,300,ANCIENT,57%,100%,100%
ANCIENT352,300,ANCIENT,32%,53%,77%
ANCIENT360,300,ANCIENT,8%,59%,84%
ANTHRO108,100,ANCIENT,5%,51%,82%
ANTHRO202,200,ANTHRO,16%,59%,88%
ANTHRO205,200,ANTHRO,6%,34%,81%
ANTHRO207,200,ANTHRO,10%,40%,80%
ANTHRO226,200,ANTHRO,22%,78%,91%
ANTHRO227,200,ANTHRO,19%,50%,94%
ANTHRO321,300,ANTHRO,6%,54%,87%
ANTHRO349,300,ANTHRO,6%,41%,88%
ANTHRO353,300,ANTHRO,10%,71%,93%
ANTHRO399,300,ANTHRO,4%,69%,83%
ARCHDES103,100,ANTHRO,10%,49%,93%
ARCHDES201,200,ARCHDES,11%,65%,97%
ARCHDES301,300,ARCHDES,9%,54%,92%
ARCHDRC104,100,ARCHDES,7%,46%,93%
ARCHHTC102,100,ARCHDRC,2%,44%,94%
ARCHHTC237,200,ARCHDRC,3%,43%,94%
ARCHPRM305,300,ARCHHTC,5%,73%,99%
ARCHTECH210,200,ARCHTECH,3%,49%,97%
ARCHTECH315,300,ARCHTECH,5%,55%,94%
ARTHIST114,100,ARCHTECH,3%,39%,77%
ARTHIST231,200,ARTHIST,19%,67%,91%
ARTHIST238,200,ARTHIST,4%,52%,77%
ARTHIST249,200,ARTHIST,11%,67%,93%
ARTHIST331,300,ARTHIST,15%,60%,89%
ARTHIST338,300,ARTHIST,10%,42%,77%
ARTHIST349,300,ARTHIST,6%,53%,81%
ARTSGEN300,300,ARTSGEN,24%,33%,33%
ASIAN140,100,ASIAN,5%,52%,86%
ASIAN200,200,ASIAN,13%,56%,89%
ASIAN303,300,ASIAN,9%,58%,95%
ASTRO110,100,ASTRO,14%,43%,76%
ASTRO200,200,ASTRO,11%,57%,92%
ASTRO200G,200,ASTRO,11%,57%,89%
BIOMED399,300,ASTRO,26%,87%,98%
BIOMENG241,200,BIOMENG,18%,70%,97%
BIOMENG261,200,BIOMENG,38%,79%,98%
BIOSCI100,100,BIOMENG,4%,40%,86%
BIOSCI100G,100,BIOMENG,6%,35%,83%
BIOSCI101,100,BIOMENG,26%,67%,93%
BIOSCI106,100,BIOMENG,24%,64%,93%
BIOSCI202,200,BIOSCI,9%,44%,85%
BIOSCI203,200,BIOSCI,6%,35%,81%
BIOSCI205,200,BIOSCI,7%,44%,85%
BIOSCI207,200,BIOSCI,11%,59%,94%
BIOSCI210,200,BIOSCI,7%,37%,85%
BIOSCI325,300,BIOSCI,13%,62%,96%
BIOSCI326,300,BIOSCI,6%,39%,88%
BIOSCI333,300,BIOSCI,15%,71%,96%
BIOSCI335,300,BIOSCI,7%,45%,85%
BIOSCI337,300,BIOSCI,17%,71%,95%
BIOSCI347,300,BIOSCI,5%,35%,86%
BIOSCI348,300,BIOSCI,3%,35%,88%
BIOSCI353,300,BIOSCI,16%,61%,93%
BIOSCI355,300,BIOSCI,5%,34%,83%
BIOSCI358,300,BIOSCI,13%,57%,96%
BIOSCI395,300,BIOSCI,14%,52%,88%
BIOSCI399,300,BIOSCI,48%,96%,99%
BUSAN101,100,BLTENV,7%,76%,99%
BUSAN305,300,BUSAN,14%,63%,92%
BUSAN307,300,BUSAN,8%,59%,94%
BUSINESS113,100,BUSINESS,3%,57%,100%
CAREER100,100,BUSINESS,7%,68%,96%
CHEM251,200,CHEM,8%,36%,76%
CHEM253,200,CHEM,8%,39%,82%
CHEM310,300,CHEM,5%,23%,82%
CHEM330,300,CHEM,7%,41%,86%
CHEM340,300,CHEM,8%,34%,84%
CHEM360,300,CHEM,10%,52%,92%
CHEM392,300,CHEM,9%,57%,91%
CHEMMAT121,100,CHEM,11%,49%,93%
CHEMMAT202,200,CHEMMAT,13%,43%,87%
CHEMMAT203,200,CHEMMAT,9%,42%,89%
CHEMMAT205,200,CHEMMAT,5%,45%,96%
CHEMMAT302,300,CHEMMAT,8%,46%,93%
CHEMMAT303,300,CHEMMAT,10%,47%,93%
CHEMMAT304,300,CHEMMAT,18%,91%,98%
CHINESE101,100,CHINESE,32%,69%,92%
CHINESE130,100,CHINESE,6%,54%,89%
CHINESE201,200,CHINESE,35%,77%,96%
CHINESE301,300,CHINESE,51%,94%,99%
CHINESE377,300,CHINESE,39%,92%,92%
CIVIL200,200,CHINESE,4%,31%,89%
CIVIL301,300,CIVIL,16%,64%,98%
CIVIL302,300,CIVIL,7%,37%,91%
CIVIL303,300,CIVIL,6%,48%,96%
CIVIL304,300,CIVIL,14%,59%,96%
CIVIL305,300,CIVIL,14%,93%,100%
CLINIMAG201,200,CIVIL,3%,58%,99%
COMLAW311,300,COMLAW,8%,56%,93%
COMLAW314,300,COMLAW,5%,43%,94%
COMLAW320,300,COMLAW,3%,35%,93%
COMMS101,100,COMMS,4%,41%,91%
COMMS106,100,COMMS,8%,75%,93%
COMMS208,200,COMMS,17%,55%,88%
COMMS212,200,COMMS,11%,53%,98%
COMMS312,300,COMMS,15%,80%,95%
COMMS313,300,COMMS,16%,68%,95%
COMMS316,300,COMMS,11%,46%,92%
COMMS319,300,COMMS,2%,78%,98%
COMMS320,300,COMMS,11%,95%,95%
COMPSCI235,200,COMPSCI,22%,61%,83%
COMPSCI289,200,COMPSCI,24%,82%,98%
COMPSCI313,300,COMPSCI,8%,48%,86%
COMPSCI315,300,COMPSCI,4%,43%,90%
COMPSCI316,300,COMPSCI,16%,67%,97%
COMPSCI320,300,COMPSCI,4%,32%,80%
COMPSCI335,300,COMPSCI,17%,44%,78%
COMPSCI340,300,COMPSCI,5%,34%,83%
COMPSCI367,300,COMPSCI,7%,41%,86%
COMPSCI389,300,COMPSCI,25%,46%,94%
COMPSYS209,200,COMPSYS,14%,59%,96%
COMPSYS301,300,COMPSYS,10%,50%,98%
COMPSYS303,300,COMPSYS,6%,39%,90%
COMPSYS304,300,COMPSYS,12%,43%,84%
COMPSYS306,300,COMPSYS,45%,91%,99%
CRIM100,100,COMPSYS,12%,68%,91%
CRIM200,200,COMPSYS,10%,36%,78%
CRIM207,200,CRIM,4%,43%,84%
CRIM305,300,CRIM,10%,52%,89%
CRIM307,300,CRIM,5%,54%,86%
CRIM309,300,CRIM,19%,50%,88%
DANCE107,100,DANCE,14%,66%,88%
DANCE110,100,DANCE,8%,55%,90%
DANCE112,100,DANCE,7%,54%,86%
DANCE210,200,DANCE,10%,71%,95%
DANCE212,200,DANCE,4%,55%,91%
DANCE216,200,DANCE,10%,71%,94%
DANCE222,200,DANCE,1%,50%,88%
DANCE302,300,DANCE,6%,57%,90%
DANCE310,300,DANCE,10%,71%,96%
DANCE331,300,DANCE,10%,78%,96%
DANCE351,300,DANCE,12%,62%,86%
DATASCI100,100,DANCE,18%,60%,90%
DESIGN212,200,DESIGN,6%,60%,96%
DESIGN221,200,DESIGN,13%,52%,93%
DESIGN223,200,DESIGN,12%,77%,99%
DESIGN224,200,DESIGN,7%,64%,99%
DESIGN230,200,DESIGN,20%,70%,92%
DESIGN231,200,DESIGN,5%,47%,88%
DESIGN232,200,DESIGN,13%,61%,96%
DESIGN241,200,DESIGN,27%,83%,96%
DESIGN243,200,DESIGN,39%,80%,96%
DESIGN304,300,DESIGN,14%,51%,89%
DISABLTY113G,100,DISABLTY,13%,45%,83%
DRAMA302,300,DRAMA,10%,84%,97%
EARTHSCI202,200,EARTHSCI,18%,56%,89%
EARTHSCI208,200,EARTHSCI,21%,48%,74%
EARTHSCI308,300,EARTHSCI,8%,55%,92%
EARTHSCI361,300,EARTHSCI,7%,44%,90%
EARTHSCI399,300,EARTHSCI,20%,55%,96%
ECON302,300,ECON,12%,54%,94%
ECON311,300,ECON,19%,50%,88%
ECON352,300,ECON,17%,53%,92%
EDCURRIC118,100,EDCURRIC,1%,36%,90%
EDCURRIC119,100,EDCURRIC,6%,46%,94%
EDCURRIC203,200,EDCURRIC,41%,85%,97%
EDCURRIC205,200,EDCURRIC,15%,77%,98%
EDCURRIC216,200,EDCURRIC,7%,72%,99%
EDCURRM111,100,EDCURRM,14%,70%,96%
EDCURRM207,200,EDCURRM,38%,81%,100%
EDPRAC106,100,EDPRAC,28%,60%,90%
EDPROFM200,200,EDPROFM,16%,62%,93%
EDPROFM300,300,EDPROFM,13%,57%,96%
EDPROFM302,300,EDPROFM,23%,54%,91%
EDPROFST105,100,EDPROFST,15%,65%,92%
EDPROFST115,100,EDPROFST,9%,60%,94%
EDPROFST216,200,EDPROFST,6%,44%,90%
EDPROFST309,300,EDPROFST,7%,50%,94%
EDPROFST318,300,EDPROFST,21%,83%,97%
EDPROFST397,300,EDPROFST,13%,63%,98%
EDUC100,100,EDPROFST,16%,48%,82%
EDUC100G,100,EDUC,19%,66%,87%
EDUC113,100,EDUC,6%,47%,89%
EDUC114,100,EDUC,19%,74%,91%
EDUC122,100,EDUC,10%,38%,79%
EDUC201,200,EDUC,12%,53%,87%
EDUC203,200,EDUC,27%,80%,95%
EDUC209,200,EDUC,21%,74%,91%
EDUC213,200,EDUC,8%,61%,92%
EDUC221,200,EDUC,1%,43%,92%
EDUC223,200,EDUC,19%,70%,91%
EDUC283,200,EDUC,5%,41%,87%
EDUC322,300,EDUC,0%,55%,74%
EDUC323,300,EDUC,5%,54%,95%
EDUC347,300,EDUC,6%,72%,90%
EDUC352,300,EDUC,8%,60%,95%
EDUC360,300,EDUC,20%,61%,95%
EDUCSW302,300,EDUCSW,12%,78%,97%
ELECTENG101,100,ELECTENG,8%,40%,90%
ELECTENG204,200,ELECTENG,14%,50%,91%
ELECTENG209,200,ELECTENG,18%,56%,94%
ELECTENG292,200,ELECTENG,7%,37%,91%
ELECTENG305,300,ELECTENG,7%,30%,87%
ELECTENG309,300,ELECTENG,6%,35%,92%
ELECTENG311,300,ELECTENG,15%,59%,98%
ELECTENG331,300,ELECTENG,7%,34%,85%
ELECTENG332,300,ELECTENG,13%,51%,91%
ENGGEN115,100,ENGGEN,12%,62%,91%
ENGGEN131,100,ENGGEN,31%,63%,90%
ENGGEN204,200,ENGGEN,49%,96%,99%
ENGGEN403,400,ENGGEN,36%,96%,99%
ENGLISH102,100,ENGLISH,5%,47%,83%
ENGLISH219,200,ENGLISH,5%,60%,88%
ENGLISH221,200,ENGLISH,8%,46%,80%
ENGLISH262,200,ENGLISH,3%,49%,82%
ENGLISH355,300,ENGLISH,11%,60%,92%
ENGLISH356,300,ENGLISH,3%,45%,94%
ENGLISH360,300,ENGLISH,1%,76%,97%
ENGSCI205,200,ENGSCI,50%,81%,97%
ENGSCI263,200,ENGSCI,38%,89%,98%
ENGSCI311,300,ENGSCI,13%,42%,90%
ENGSCI314,300,ENGSCI,42%,78%,97%
ENGSCI331,300,ENGSCI,43%,81%,97%
ENGSCI344,300,ENGSCI,26%,89%,99%
ENVENG200,200,ENVENG,12%,75%,98%
ENVENG331,300,ENVENG,30%,82%,100%
ENVPHYS200,200,ENVENG,33%,71%,89%
ENVSCI203,200,ENVSCI,15%,49%,81%
ENVSCI303,300,ENVSCI,8%,59%,93%
ENVSCI399,300,ENVSCI,6%,67%,99%
EUROPEAN222,200,EUROPEAN,7%,50%,87%
EUROPEAN322,300,EUROPEAN,15%,64%,89%
EXERSCI100G,100,EXERSCI,7%,42%,88%
EXERSCI103,100,EXERSCI,15%,53%,88%
EXERSCI105,100,EXERSCI,4%,36%,83%
EXERSCI205,200,EXERSCI,6%,55%,91%
EXERSCI206,200,EXERSCI,6%,53%,94%
EXERSCI207,200,EXERSCI,2%,35%,91%
EXERSCI303,300,EXERSCI,3%,57%,97%
EXERSCI307,300,EXERSCI,12%,71%,96%
EXERSCI371,300,EXERSCI,14%,83%,99%
FINANCE362,300,FINANCE,8%,42%,96%
FINEARTS112,100,FINEARTS,10%,63%,87%
FINEARTS113,100,FINEARTS,7%,39%,85%
FINEARTS223,200,FINEARTS,10%,50%,89%
FINEARTS227,200,FINEARTS,12%,67%,94%
FINEARTS228,200,FINEARTS,13%,54%,91%
FINEARTS231,200,FINEARTS,17%,58%,87%
FINEARTS236,200,FINEARTS,6%,37%,82%
FINEARTS245,200,FINEARTS,16%,66%,92%
FINEARTS247,200,FINEARTS,16%,60%,92%
FINEARTS321,300,FINEARTS,17%,60%,96%
FINEARTS322,300,FINEARTS,16%,58%,96%
FOODSCI100,100,FOODSCI,14%,43%,88%
FOODSCI110,100,FOODSCI,21%,68%,95%
FOODSCI202,200,FOODSCI,6%,40%,93%
FRENCH102,100,FRENCH,14%,61%,89%
FRENCH204,200,FRENCH,18%,64%,91%
FRENCH305,300,FRENCH,14%,62%,96%
FRENCH314,300,FRENCH,36%,71%,100%
GENDER101,100,FRENCH,2%,33%,79%
GENDER101G,100,FRENCH,3%,39%,81%
GEOG205,200,GEOG,5%,45%,88%
GEOG262,200,GEOG,5%,40%,83%
GEOG327,300,GEOG,10%,36%,81%
GEOG342,300,GEOG,18%,82%,96%
GEOG352,300,GEOG,3%,32%,88%
GEOG399,300,GEOG,11%,73%,93%
GERMAN102,100,GERMAN,27%,74%,96%
GERMAN201,200,GERMAN,24%,67%,94%
GISCI341,300,GISCI,9%,63%,94%
GISCI399,300,GISCI,15%,80%,93%
GLOBAL101,100,GISCI,13%,70%,92%
GLOBAL101G,100,GISCI,10%,60%,90%
GLOBAL200,200,GLOBAL,26%,88%,96%
GLOBAL301,300,GLOBAL,4%,86%,98%
HEALTHED101,100,HEALTHED,13%,48%,82%
HEALTHED201,200,HEALTHED,28%,79%,92%
HISTORY104,100,HISTORY,11%,45%,81%
HISTORY107,100,HISTORY,6%,45%,77%
HISTORY241,200,HISTORY,5%,48%,87%
HISTORY243,200,HISTORY,6%,49%,79%
HISTORY271,200,HISTORY,17%,64%,86%
HISTORY300,300,HISTORY,14%,60%,83%
HISTORY341,300,HISTORY,20%,68%,90%
HISTORY356,300,HISTORY,6%,51%,84%
HISTORY371,300,HISTORY,23%,58%,80%
HLTHPSYC122,100,HLTHPSYC,11%,54%,92%
INFOMGMT399,300,INFOMGMT,14%,91%,99%
INFOSYS341,300,INFOSYS,7%,59%,94%
INNOVENT308,300,INNOVENT,11%,63%,96%
INNOVENT310,300,INNOVENT,16%,73%,99%
INTBUS151,100,INTBUS,6%,46%,92%
INTBUS151G,100,INTBUS,6%,52%,92%
INTBUS305,300,INTBUS,3%,36%,93%
INTBUS307,300,INTBUS,3%,58%,98%
ITALIAN107,100,ITALIAN,32%,71%,92%
ITALIAN201,200,ITALIAN,24%,65%,87%
JAPANESE131,100,JAPANESE,20%,55%,92%
JAPANESE232,200,JAPANESE,27%,68%,95%
JAPANESE241,200,JAPANESE,9%,49%,91%
JAPANESE332,300,JAPANESE,22%,73%,98%
KOREAN111,100,KOREAN,24%,61%,87%
KOREAN120,100,KOREAN,8%,48%,81%
KOREAN201,200,KOREAN,24%,71%,94%
KOREAN205,200,KOREAN,10%,52%,90%
KOREAN301,300,KOREAN,28%,63%,90%
KOREAN305,300,KOREAN,9%,56%,91%
LANGTCHG207,200,LANGTCHG,8%,60%,93%
LANGTCHG302,300,LANGTCHG,7%,69%,97%
LATIN101,100,LATIN,25%,52%,83%
LATINAM210,200,LATIN,18%,55%,82%
LATINAM310,300,LATINAM,39%,94%,100%
LAW131,100,LAW,2%,47%,91%
LAW141,100,LAW,2%,38%,84%
LAWCOMM400,400,LAW,1%,56%,97%
LAWCOMM415,400,LAW,0%,53%,98%
LAWCOMM433,400,LAWCOMM,3%,53%,94%
LAWCOMM476,400,LAWCOMM,2%,40%,96%
LAWENVIR420,400,LAWCOMM,7%,70%,93%
LAWENVIR433,400,LAWENVIR,0%,70%,93%
LAWGENRL408,400,LAWGENRL,2%,62%,97%
LAWGENRL414,400,LAWGENRL,1%,70%,95%
LAWGENRL434,400,LAWGENRL,1%,81%,98%
LAWGENRL458,400,LAWGENRL,4%,55%,89%
LAWPUBL407,400,LAWPUBL,0%,68%,94%
LAWPUBL411,400,LAWPUBL,1%,54%,89%
LAWPUBL414,400,LAWPUBL,2%,45%,88%
LAWPUBL427,400,LAWPUBL,1%,64%,91%
LAWPUBL430,400,LAWPUBL,0%,62%,95%
LAWPUBL461,400,LAWPUBL,10%,76%,94%
LAWPUBL477,400,LAWPUBL,1%,48%,93%
LAWPUBL481,400,LAWPUBL,3%,71%,94%
LINGUIST101,100,LINGUIST,20%,60%,88%
LINGUIST101G,100,LINGUIST,18%,62%,90%
LINGUIST203,200,LINGUIST,20%,53%,89%
LINGUIST300,300,LINGUIST,27%,57%,87%
LINGUIST301,300,LINGUIST,18%,45%,73%
MAORI130,100,MAORI,38%,71%,92%
MAORI130G,100,MAORI,43%,78%,96%
MAORI201,200,MAORI,25%,68%,90%
MAORI204,200,MAORI,7%,64%,86%
MAORI230,200,MAORI,19%,69%,85%
MAORI292,200,MAORI,12%,51%,86%
MAORI304,300,MAORI,20%,50%,76%
MAORI320,300,MAORI,24%,65%,86%
MAORIHTH201,200,MAORIHTH,4%,48%,92%
MAORIHTH22H,200,MAORIHTH,10%,53%,92%
MAORIHTH24H,200,MAORIHTH,9%,43%,91%
MAORIHTH26H,200,MAORIHTH,5%,41%,92%
MAORIHTH28H,200,MAORIHTH,12%,64%,93%
MAORIHTH31H,300,MAORIHTH,16%,47%,91%
MARINE302,300,MARINE,4%,56%,96%
MATHS270,200,MATHS,17%,47%,81%
MATHS302,300,MATHS,12%,43%,90%
MATHS315,300,MATHS,11%,40%,79%
MATHS320,300,MATHS,12%,42%,82%
MATHS332,300,MATHS,17%,43%,76%
MATHS340,300,MATHS,9%,30%,75%
MATHS362,300,MATHS,15%,40%,86%
MECHENG211,200,MECHENG,12%,45%,93%
MECHENG222,200,MECHENG,17%,59%,93%
MECHENG236,200,MECHENG,5%,48%,97%
MECHENG270,200,MECHENG,39%,80%,96%
MECHENG306,300,MECHENG,45%,97%,99%
MECHENG311,300,MECHENG,6%,38%,94%
MECHENG325,300,MECHENG,16%,57%,95%
MECHENG352,300,MECHENG,8%,52%,96%
MECHENG371,300,MECHENG,41%,84%,98%
MEDIA102,100,MEDIA,5%,49%,89%
MEDIA221,200,MEDIA,4%,46%,93%
MEDIA235,200,MEDIA,14%,85%,95%
MEDIA236,200,MEDIA,4%,50%,89%
MEDIA315,300,MEDIA,6%,53%,96%
MEDIA335,300,MEDIA,17%,81%,96%
MEDIA336,300,MEDIA,6%,53%,93%
MEDIMAGE202,200,MEDIMAGE,5%,69%,100%
MEDIMAGE203,200,MEDIMAGE,16%,79%,100%
MEDIMAGE304,300,MEDIMAGE,25%,86%,99%
MEDIMAGE305,300,MEDIMAGE,11%,86%,99%
MEDIMAGE306,300,MEDIMAGE,18%,88%,99%
MEDSCI142,100,MEDSCI,9%,31%,79%
MEDSCI204,200,MEDSCI,3%,31%,88%
MEDSCI206,200,MEDSCI,3%,27%,79%
MEDSCI300,300,MEDSCI,15%,90%,90%
MEDSCI301,300,MEDSCI,14%,65%,92%
MEDSCI302,300,MEDSCI,6%,44%,90%
MEDSCI309,300,MEDSCI,4%,24%,85%
MEDSCI312,300,MEDSCI,2%,27%,91%
MEDSCI314,300,MEDSCI,8%,51%,93%
MEDSCI317,300,MEDSCI,6%,46%,90%
MEDSCI320,300,MEDSCI,3%,41%,95%
MKTG306,300,MKTG,6%,61%,99%
MUS104,100,MUS,15%,46%,81%
MUS111,100,MUS,10%,48%,82%
MUS145,100,MUS,4%,28%,71%
MUS162,100,MUS,14%,44%,78%
MUS171,100,MUS,11%,74%,93%
MUS181,100,MUS,7%,56%,86%
MUS204,200,MUS,6%,35%,85%
MUS207,200,MUS,4%,69%,81%
MUS211,200,MUS,19%,69%,93%
MUS231,200,MUS,8%,65%,92%
MUS262,200,MUS,10%,66%,86%
MUS271,200,MUS,14%,88%,99%
MUS275,200,MUS,13%,65%,95%
MUS276,200,MUS,16%,44%,84%
MUS281,200,MUS,9%,61%,88%
MUS287,200,MUS,7%,46%,90%
MUS306,300,MUS,2%,47%,49%
MUS311,300,MUS,13%,77%,92%
MUS315,300,MUS,16%,42%,48%
MUS325,300,MUS,4%,46%,88%
MUS331,300,MUS,13%,77%,94%
MUS333,300,MUS,13%,58%,74%
MUS340,300,MUS,4%,32%,64%
MUS356,300,MUS,3%,68%,83%
MUS363,300,MUS,17%,58%,79%
MUS365,300,MUS,6%,59%,90%
MUS371,300,MUS,29%,77%,91%
MUS381,300,MUS,8%,57%,94%
NURSING105,100,NURSING,2%,58%,96%
NURSING202,200,NURSING,3%,73%,99%
NURSING302,300,NURSING,3%,74%,99%
OPSMGT371,300,OPSMGT,10%,38%,87%
PACIFIC105,100,PACIFIC,12%,40%,73%
PACIFIC207,200,PACIFIC,25%,54%,74%
PACIFIC210,200,PACIFIC,16%,62%,82%
PACIFIC217,200,PACIFIC,9%,35%,74%
PACIFIC308,300,PACIFIC,42%,70%,81%
PACIFIC317,300,PACIFIC,9%,50%,91%
PHARMACY111G,100,PHARMACY,22%,74%,90%
PHARMACY213,200,PHARMACY,2%,71%,98%
PHARMACY312,300,PHARMACY,0%,55%,98%
PHARMCOL399,300,PHARMCOL,8%,63%,98%
PHIL101,100,PHIL,14%,34%,63%
PHIL104,100,PHIL,2%,48%,84%
PHIL222,200,PHIL,19%,45%,81%
PHIL228,200,PHIL,0%,30%,83%
PHIL231,200,PHIL,11%,64%,92%
PHIL263,200,PHIL,5%,46%,77%
PHIL308,300,PHIL,9%,52%,91%
PHIL331,300,PHIL,9%,65%,91%
PHIL363,300,PHIL,7%,57%,86%
PHYSED102,100,PHYSED,27%,62%,88%
PHYSICS121,100,PHYSICS,12%,31%,67%
PHYSICS160,100,PHYSICS,15%,54%,91%
PHYSICS202,200,PHYSICS,16%,45%,79%
PHYSICS203,200,PHYSICS,17%,47%,83%
PHYSICS333,300,PHYSICS,23%,60%,93%
PHYSICS335,300,PHYSICS,16%,35%,84%
PHYSICS356,300,PHYSICS,9%,34%,82%
PHYSIOL399,300,PHYSIOL,21%,87%,98%
POLITICS106,100,POLITICS,4%,64%,86%
POLITICS107,100,POLITICS,4%,41%,84%
POLITICS211,200,POLITICS,3%,45%,87%
POLITICS222,200,POLITICS,4%,45%,87%
POLITICS236,200,POLITICS,8%,47%,79%
POLITICS301,300,POLITICS,7%,48%,85%
POLITICS356,300,POLITICS,7%,66%,91%
POPLHLTH102,100,POPLHLTH,5%,61%,92%
POPLHLTH103G,100,POPLHLTH,5%,48%,87%
POPLHLTH207,200,POPLHLTH,3%,58%,95%
POPLHLTH208,200,POPLHLTH,2%,48%,88%
POPLHLTH211,200,POPLHLTH,7%,60%,93%
POPLHLTH216,200,POPLHLTH,10%,48%,88%
POPLHLTH305,300,POPLHLTH,11%,76%,97%
POPLHLTH311,300,POPLHLTH,2%,48%,91%
POPLHLTH312,300,POPLHLTH,9%,78%,97%
POPLHLTH313,300,POPLHLTH,3%,69%,96%
POPLHLTH315,300,POPLHLTH,0%,41%,76%
POPLHLTH316,300,POPLHLTH,6%,60%,95%
PROPERTY102,100,PROPERTY,3%,39%,87%
PROPERTY211,200,PROPERTY,4%,32%,76%
PROPERTY261,200,PROPERTY,6%,53%,92%
PROPERTY271,200,PROPERTY,2%,28%,95%
PROPERTY281,200,PROPERTY,7%,38%,92%
PROPERTY331,300,PROPERTY,9%,69%,97%
PROPERTY362,300,PROPERTY,12%,60%,98%
PROPERTY370,300,PROPERTY,7%,75%,98%
PROPERTY384,300,PROPERTY,7%,70%,97%
PSYCH201,200,PSYCH,4%,28%,77%
PSYCH203,200,PSYCH,6%,40%,83%
PSYCH204,200,PSYCH,2%,40%,89%
PSYCH300,300,PSYCH,4%,47%,92%
PSYCH305,300,PSYCH,8%,39%,86%
PSYCH310,300,PSYCH,8%,57%,96%
PSYCH319,300,PSYCH,5%,42%,92%
PSYCH320,300,PSYCH,7%,48%,90%
PSYCH326,300,PSYCH,8%,43%,89%
PUTAIAO200,200,PSYCH,60%,95%,100%
SAMOAN201,200,SAMOAN,4%,37%,68%
SCIGEN301,300,SCIGEN,7%,41%,85%
SOCCHFAM332,300,SCREEN,9%,66%,99%
SOCHLTH313,300,SOCHLTH,11%,69%,98%
SOCHLTH334,300,SOCHLTH,7%,54%,93%
SOCHLTH432,400,SOCHLTH,3%,63%,96%
SOCIOL101,100,SOCIOL,6%,44%,81%
SOCIOL101G,100,SOCIOL,9%,51%,89%
SOCIOL103,100,SOCIOL,8%,42%,80%
SOCIOL204,200,SOCIOL,8%,66%,90%
SOCIOL205,200,SOCIOL,5%,45%,78%
SOCIOL218,200,SOCIOL,16%,62%,79%
SOCIOL301,300,SOCIOL,11%,45%,76%
SOCIOL307,300,SOCIOL,24%,64%,87%
SOCIOL310,300,SOCIOL,9%,55%,86%
SOCIOL326,300,SOCIOL,16%,59%,87%
SOCWORK111,100,SOCWORK,5%,44%,86%
SOCWORK312,300,SOCWORK,6%,46%,86%
SOFTENG206,200,SOFTENG,48%,93%,99%
SOFTENG283,200,SOFTENG,26%,83%,99%
SOFTENG284,200,SOFTENG,17%,57%,92%
SOFTENG306,300,SOFTENG,18%,82%,99%
SOFTENG310,300,SOFTENG,19%,89%,99%
SOFTENG325,300,SOFTENG,27%,76%,95%
SOFTENG364,300,SOFTENG,15%,68%,97%
SPANISH105,100,SPANISH,8%,45%,83%
SPANISH201,200,SPANISH,20%,71%,97%
SPANISH321,300,SPANISH,8%,60%,97%
SPORT101,100,SPANISH,5%,54%,83%
SPORT204,200,SPORT,19%,66%,90%
SPORT302,300,SPORT,24%,68%,90%
SPORT305,300,SPORT,12%,69%,95%
SPORTHPE101,100,SPORT,10%,51%,85%
SPORTHPE103,100,SPORTHPE,16%,39%,84%
SPORTHPE201,200,SPORTHPE,10%,43%,85%
SPORTHPE203,200,SPORTHPE,12%,33%,81%
SPORTHPE303,300,SPORTHPE,12%,52%,94%
STATS150,100,STATS,18%,48%,82%
STATS240,200,STATS,10%,38%,79%
STATS325,300,STATS,37%,70%,92%
STATS331,300,STATS,12%,49%,84%
STATS369,300,STATS,7%,42%,90%
STATS399,300,STATS,26%,97%,100%
STRCTENG201,200,STATS,11%,49%,96%
STRCTENG302,300,STATS,7%,52%,91%
STRCTENG303,300,STATS,9%,44%,89%
SUSTAIN100,100,STATS,10%,63%,92%
SUSTAIN100G,100,STATS,8%,61%,90%
SUSTAIN300,300,STATS,6%,60%,97%
TDAIS100,100,STATS,15%,70%,93%
TDDEM100,100,STATS,30%,74%,93%
TDENVF100,100,STATS,18%,78%,95%
TDFOOD100,100,STATS,24%,76%,95%
TDMOANA100,100,STATS,43%,75%,83%
THEOREL106,100,STATS,10%,61%,89%
THEOREL208,200,STATS,3%,16%,42%
THEOREL210,200,STATS,28%,64%,91%
THEOREL308,300,STATS,7%,41%,63%
THEOREL309,300,STATS,10%,24%,29%
THEOREL318,300,STATS,11%,50%,72%
TONGAN201,200,STATS,6%,41%,63%
URBPLAN101,100,STATS,2%,36%,91%
URBPLAN124,100,STATS,3%,38%,88%
URBPLAN125,100,STATS,6%,50%,90%
URBPLAN223,200,STATS,1%,35%,90%
URBPLAN226,200,STATS,5%,71%,98%
URBPLAN323,300,STATS,3%,69%,96%
URBPLAN326,300,STATS,5%,40%,95%
YOUTHWRK152,100,STATS,23%,64%,87%
YOUTHWRK152G,100,STATS,29%,74%,93%
ANCIENT377,300,ANCIENT,14%,79%,100%
ANTHRO306,300,ANTHRO,18%,66%,87%
ASIAN209,200,ASIAN,11%,71%,92%
ASIAN309,300,ASIAN,24%,80%,95%
CHEM100,100,CAREER,41%,88%,98%
CHEM100G,100,CAREER,34%,88%,99%
DANCE207,200,DANCE,41%,95%,98%
EDCURRIC108,100,EDCURRIC,10%,51%,87%
EDUC304,300,EDUC,24%,64%,96%
ENGLACP20P,200,ENGGEN,0%,6%,11%
ENGLACP30P,300,ENGGEN,0%,10%,90%
ENGLACP40P,400,ENGGEN,0%,20%,97%
EUROPEAN206,200,ENVSCI,6%,65%,94%
EUROPEAN302,300,EUROPEAN,13%,67%,93%
FINEARTS205,200,FINEARTS,8%,41%,71%
GEOG325,300,GEOG,13%,66%,97%
HISTORY257,200,HISTORY,11%,67%,84%
HISTORY357,300,HISTORY,12%,65%,88%
JAPANESE277,200,JAPANESE,27%,41%,41%
JAPANESE377,300,JAPANESE,39%,63%,63%
KOREAN277,200,KOREAN,26%,61%,61%
KOREAN278,200,KOREAN,4%,31%,31%
KOREAN377,300,KOREAN,23%,52%,59%
KOREAN378,300,KOREAN,29%,65%,79%
LAWCOMM457,400,LAWCOMM,3%,65%,95%
LAWGENRL406,400,LAWGENRL,0%,72%,98%
LAWGENRL439,400,LAWGENRL,0%,76%,95%
LAWGENRL459,400,LAWGENRL,14%,68%,93%
LAWPUBL413,400,LAWPUBL,2%,41%,91%
LAWPUBL417,400,LAWPUBL,0%,55%,97%
LAWPUBL462,400,LAWPUBL,1%,63%,96%
MGMT302,300,MGMT,8%,51%,92%
THEOREL221,200,STATS,7%,39%,77%
THEOREL321,300,STATS,0%,39%,74%
ANCIENT254,200,ANCIENT,6%,51%,72%
ANCIENT354,300,ANCIENT,14%,60%,87%
ANTHRO206,200,ANTHRO,11%,56%,85%
ANTHRO208,200,ANTHRO,9%,55%,92%
ANTHRO372,300,ANTHRO,6%,63%,88%
ARCHDES102,100,ANTHRO,12%,53%,95%
ARCHDRC103,100,ARCHDES,7%,61%,95%
ARCHHTC102G,100,ARCHDRC,4%,30%,77%
ARTHIST114G,100,ARCHTECH,2%,34%,83%
ARTHIST233,200,ARTHIST,8%,72%,92%
ARTHIST235,200,ARTHIST,19%,69%,92%
ARTHIST248,200,ARTHIST,6%,41%,94%
ARTHIST333,300,ARTHIST,18%,65%,85%
ARTHIST335,300,ARTHIST,11%,71%,83%
ARTHIST348,300,ARTHIST,24%,45%,93%
ARTSGEN103,100,ARTSCHOL,18%,45%,68%
ARTSGEN103G,100,ARTSCHOL,24%,61%,79%
BUSAN301,300,BUSAN,8%,73%,98%
CHEMMAT100G,100,CHEM,18%,39%,75%
CHINESE339,300,CHINESE,41%,63%,96%
COMPLIT200,200,COMMS,20%,69%,94%
COMPSCI111G,100,COMPSCI,15%,51%,80%
CRIM202,200,COMPSYS,10%,57%,91%
CRIM205,200,CRIM,8%,56%,89%
CRIM304,300,CRIM,6%,46%,86%
DESIGN211,200,DESIGN,26%,85%,95%
EARTHSCI120,100,EARTHSCI,8%,48%,85%
EARTHSCI307,300,EARTHSCI,4%,43%,91%
EDCURRIC208,200,EDCURRIC,0%,47%,87%
EDCURRIC217,200,EDCURRIC,15%,77%,89%
EDCURRM119,100,EDCURRM,9%,61%,91%
EDPROFM100,100,EDPROFM,28%,74%,92%
EDPROFM203,200,EDPROFM,36%,81%,97%
EDPROFM208,200,EDPROFM,23%,65%,86%
EDPROFST102,100,EDPROFST,7%,45%,86%
EDPROFST308A,300,EDPROFST,11%,51%,86%
EDPROFST315,300,EDPROFST,7%,73%,91%
EDUC308,300,EDUC,8%,55%,93%
EDUC316,300,EDUC,14%,51%,83%
EDUC380,300,EDUC,0%,6%,56%
ENGGEN101G,100,ENGGEN,41%,74%,88%
ENGLISH101,100,ENGGEN,3%,33%,73%
ENGLISH214,200,ENGLISH,4%,35%,85%
ENGLISH330,300,ENGLISH,5%,51%,90%
ENVPHYS100,100,ENVENG,12%,51%,82%
ENVSCI101,100,ENVSCI,10%,54%,90%
ENVSCI101G,100,ENVSCI,7%,44%,85%
EUROPEAN100G,100,ENVSCI,8%,52%,91%
FINEARTS235,200,FINEARTS,8%,66%,93%
FRENCH229,200,FRENCH,25%,67%,100%
FRENCH329,300,FRENCH,33%,72%,94%
GENDER306,300,FRENCH,0%,44%,64%
GEOG101,100,GEOG,6%,45%,84%
GEOG102,100,GEOG,9%,51%,83%
GEOG103,100,GEOG,10%,47%,83%
GEOG103G,100,GEOG,13%,53%,89%
GEOG305,300,GEOG,10%,51%,89%
GERMAN291,200,GERMAN,17%,50%,75%
GERMAN391,300,GERMAN,14%,71%,71%
HISTORY210,200,HISTORY,6%,40%,72%
HISTORY227,200,HISTORY,6%,58%,85%
HISTORY270,200,HISTORY,4%,49%,78%
HISTORY327,300,HISTORY,10%,57%,81%
HISTORY367,300,HISTORY,9%,43%,74%
HISTORY370,300,HISTORY,6%,63%,87%
INFOSYS303,300,INFOSYS,15%,72%,93%
INFOSYS310A,300,INFOSYS,38%,96%,97%
INNOVENT203G,200,INNOVENT,2%,56%,92%
LATINAM216,200,LATINAM,20%,69%,98%
LATINAM301,300,LATINAM,32%,71%,94%
LAWCOMM414,400,LAW,0%,81%,98%
LAWGENRL428,400,LAWGENRL,3%,69%,86%
LAWGENRL453,400,LAWGENRL,2%,76%,95%
MAORI202,200,MAORI,4%,49%,81%
MAORI303,300,MAORI,11%,63%,87%
MEDIA212,200,MEDIA,3%,49%,89%
MEDIA229,200,MEDIA,2%,34%,89%
MEDIA328,300,MEDIA,4%,58%,93%
MEDIA331,300,MEDIA,3%,26%,87%
MKTG302,300,MKTG,13%,54%,94%
MUS143,100,MUS,5%,45%,85%
MUS243,200,MUS,11%,44%,88%
MUS247,200,MUS,0%,5%,20%
MUS347,300,MUS,0%,41%,82%
PACIFIC206,200,PACIFIC,10%,46%,75%
PACIFIC306,300,PACIFIC,9%,49%,85%
PHIL207,200,PHIL,1%,44%,87%
PHIL218,200,PHIL,5%,55%,85%
PHIL327,300,PHIL,4%,67%,90%
PHIL338,300,PHIL,6%,46%,88%
POLITICS107G,100,POLITICS,3%,41%,83%
POLITICS209,200,POLITICS,3%,45%,85%
POLITICS256,200,POLITICS,5%,41%,82%
POLITICS311,300,POLITICS,4%,50%,88%
POLITICS313,300,POLITICS,8%,69%,92%
POLITICS316,300,POLITICS,2%,55%,92%
SCIGEN201G,200,SCIGEN,5%,47%,88%
SOCIOL200,200,SOCIOL,10%,46%,78%
SOCIOL207,200,SOCIOL,3%,40%,84%
SOCIOL208,200,SOCIOL,9%,47%,80%
SOCWORK100A,100,SOCSCIPH,6%,38%,67%
SOCWORK101A,100,SOCSCIPH,11%,38%,63%
SOCWORK102A,100,SOCSCIPH,14%,38%,65%
SOCWORK414,400,SOCWORK,9%,41%,90%
STATS101G,100,STATS,8%,32%,73%
TFCEDUC14F,100,STATS,7%,31%,63%
TFCMAORI10F,100,STATS,6%,23%,63%
THEOREL223,200,STATS,10%,68%,87%
THEOREL323,300,STATS,14%,54%,86%
URBPLAN101G,100,STATS,4%,38%,86%
URBPLAN123,100,STATS,4%,63%,91%
ANCIENT103,100,ACCTG,3%,32%,73%
ANCIENT251,200,ANCIENT,26%,52%,82%
ANCIENT285,200,ANCIENT,4%,45%,80%
ANCIENT351,300,ANCIENT,39%,76%,90%
ANCIENT385,300,ANCIENT,12%,55%,84%
ANTHRO235,200,ANTHRO,3%,54%,88%
ANTHRO329,300,ANTHRO,18%,75%,89%
ANTHRO367,300,ANTHRO,2%,52%,92%
ARCHTECH108,100,ARCHHTC,7%,71%,96%
ARTHIST115G,100,ARTHIST,5%,58%,86%
ARTHIST204,200,ARTHIST,10%,60%,85%
ARTHIST224,200,ARTHIST,4%,49%,85%
ARTHIST324,300,ARTHIST,11%,60%,86%
ARTHIST334,300,ARTHIST,18%,61%,89%
ASIAN140G,100,ASIAN,7%,57%,92%
BIOSCI322,300,BIOSCI,8%,45%,80%
BUSAN100G,100,BLTENV,24%,75%,93%
BUSINESS151G,100,BUSINESS,3%,49%,88%
CAREER100G,100,BUSINESS,9%,71%,96%
CHINESE306,300,CHINESE,6%,85%,96%
COMMS102,100,COMMS,7%,48%,88%
COMMS103,100,COMMS,9%,39%,82%
COMMS105,100,COMMS,2%,67%,92%
COMPLIT202,200,COMMS,15%,74%,93%
COMPLIT303,300,COMPLIT,15%,77%,92%
CRIM203,200,COMPSYS,12%,66%,92%
DANCE121,100,DANCE,11%,68%,88%
DANCE200G,200,DANCE,15%,68%,93%
DESIGN301,300,DESIGN,29%,70%,95%
DESIGN302,300,DESIGN,23%,64%,98%
DRAMA303,300,DRAMA,11%,65%,92%
EARTHSCI205,200,EARTHSCI,7%,39%,89%
EARTHSCI205G,200,EARTHSCI,6%,37%,73%
ECON305,300,ECON,27%,66%,87%
EDCURRIC117,100,EDCURRIC,11%,60%,89%
EDCURRM114,100,EDCURRM,39%,74%,78%
EDPROFM204,200,EDPROFM,23%,67%,95%
EDPROFM304,300,EDPROFM,5%,34%,88%
EDUC106,100,EDUC,4%,47%,88%
EDUC122G,100,EDUC,19%,55%,85%
EDUCM203,200,EDUCM,22%,48%,78%
ENGLISH102G,100,ENGLISH,3%,33%,77%
ENGLISH207,200,ENGLISH,4%,51%,87%
ENGLISH216,200,ENGLISH,9%,54%,78%
ENGLISH311,300,ENGLISH,1%,43%,87%
ENGLISH322,300,ENGLISH,10%,43%,79%
EUROPEAN200,200,ENVSCI,1%,67%,88%
EUROPEAN300,300,EUROPEAN,3%,68%,89%
FINEARTS210G,200,FINEARTS,2%,26%,75%
FINEARTS221,200,FINEARTS,37%,81%,90%
FINEARTS225,200,FINEARTS,17%,48%,81%
FINEARTS249,200,FINEARTS,12%,58%,93%
FRENCH320,300,FRENCH,9%,72%,97%
GENDER301,300,FRENCH,4%,28%,76%
GEOG104,100,GEOG,5%,52%,89%
GEOG104G,100,GEOG,2%,45%,86%
GERMAN207,200,GERMAN,11%,39%,67%
GERMAN307,300,GERMAN,39%,72%,83%
HISTORY205,200,HISTORY,3%,50%,89%
HISTORY239,200,HISTORY,6%,50%,82%
HISTORY309,300,HISTORY,4%,55%,91%
HISTORY339,300,HISTORY,9%,46%,80%
LANGTCHG206,200,LANGTCHG,14%,73%,100%
LAWCOMM420,400,LAWCOMM,7%,74%,96%
LAWCOMM467,400,LAWCOMM,2%,71%,98%
LAWGENRL422,400,LAWGENRL,2%,56%,96%
LAWPUBL466,400,LAWPUBL,5%,59%,95%
LINGUIST324,300,LINGUIST,30%,56%,82%
MAORI330,300,MAORI,13%,63%,87%
MATHS350,300,MATHS,16%,21%,32%
MEDIA202,200,MEDIA,6%,44%,91%
MEDIA214,200,MEDIA,3%,44%,92%
MEDIA241,200,MEDIA,2%,37%,87%
MEDIA307,300,MEDIA,4%,54%,94%
MEDIA314,300,MEDIA,4%,36%,92%
MEDIA341,300,MEDIA,4%,26%,86%
MEDSCI101G,100,MEDSCI,4%,36%,80%
MUS248,200,MUS,6%,46%,83%
MUS343,300,MUS,23%,63%,90%
MUS348,300,MUS,0%,59%,92%
MUS377,300,MUS,24%,35%,53%
OPTOM101G,100,OPTOM,14%,70%,92%
PACIFIC208,200,PACIFIC,11%,32%,68%
PACIFIC212,200,PACIFIC,5%,49%,75%
PACIFIC307,300,PACIFIC,10%,29%,68%
PACIFIC312,300,PACIFIC,7%,43%,72%
PHIL204,200,PHIL,9%,54%,89%
PHIL250,200,PHIL,5%,52%,91%
PHIL315,300,PHIL,18%,58%,81%
PHIL340,300,PHIL,15%,43%,78%
PHIL351,300,PHIL,5%,49%,89%
POLITICS254,200,POLITICS,6%,53%,88%
POLITICS345,300,POLITICS,8%,36%,75%
POLITICS346,300,POLITICS,4%,50%,89%
POPLHLTH301,300,POPLHLTH,1%,66%,96%
POPLHLTH306,300,POPLHLTH,7%,67%,94%
PROPERTY103,100,PROPERTY,4%,43%,85%
PROPERTY382,300,PROPERTY,11%,61%,96%
SCIGEN102,100,SCIGEN,53%,87%,99%
SCIGEN102G,100,SCIGEN,49%,82%,92%
STATS370,300,STATS,22%,53%,82%
STATS383,300,STATS,10%,49%,82%
TFCEDUC13F,100,STATS,1%,13%,54%
TFCEDUC16F,100,STATS,3%,37%,81%
THEOREL106G,100,STATS,8%,66%,92%
THEOREL202,200,STATS,38%,60%,88%
THEOREL222,200,STATS,22%,83%,100%
THEOREL302,300,STATS,37%,56%,78%
THEOREL310,300,STATS,29%,43%,48%
THEOREL322,300,STATS,8%,54%,92%
URBPLAN122,100,STATS,4%,60%,92%
URBPLAN126,100,STATS,4%,43%,85%
ANCIENT379,300,ANCIENT,86%,100%,100%
CHINESE277,200,CHINESE,24%,64%,64%
CHINESE378,300,CHINESE,16%,20%,20%
HISTORY208,200,HISTORY,14%,59%,94%
HISTORY308,300,HISTORY,29%,75%,95%
LAWPUBL434,400,LAWPUBL,3%,53%,96%
MARINE305,300,MARINE,4%,52%,97%
POLITICS218,200,POLITICS,3%,50%,91%
POLITICS347,300,POLITICS,4%,45%,90%
SPANISH377,300,SPANISH,53%,67%,67%
ANCIENT102,100,ACCTG,5%,44%,78%
ANCIENT214,200,ANCIENT,6%,40%,74%
ANCIENT253,200,ANCIENT,9%,47%,86%
ANCIENT314,300,ANCIENT,14%,52%,94%
ANCIENT353,300,ANCIENT,19%,60%,86%
ANTHRO107,100,ANCIENT,7%,48%,83%
ANTHRO109,100,ANCIENT,5%,36%,74%
ARTHIST230,200,ARTHIST,14%,63%,88%
ARTHIST332,300,ARTHIST,16%,69%,94%
CIVIL314,300,CIVIL,1%,10%,82%
CIVIL322,300,CIVIL,24%,73%,98%
CIVIL331,300,CIVIL,57%,91%,98%
CIVIL360,300,CIVIL,38%,82%,98%
COMLAW304,300,COMLAW,11%,45%,92%
COMMS104,100,COMMS,2%,39%,83%
COMMS104G,100,COMMS,2%,47%,90%
COMMS303,300,COMMS,12%,59%,90%
COMPLIT210,200,COMPLIT,19%,66%,88%
DANCE201,200,DANCE,10%,77%,93%
DANCE350,300,DANCE,9%,60%,96%
DESIGN210,200,DESIGN,14%,80%,84%
DRAMA203,200,DISABLTY,7%,50%,93%
EARTHSCI261,200,EARTHSCI,13%,55%,88%
ECON304,300,ECON,39%,75%,96%
EDCURRM117,100,EDCURRM,28%,53%,85%
EDPROFM101,100,EDPROFM,26%,71%,89%
EDPROFM102,100,EDPROFM,3%,34%,83%
EDPROFST212,200,EDPROFST,0%,29%,78%
GEOPHYS310,300,GEOPHYS,0%,22%,39%
GERMAN392,300,GERMAN,38%,100%,100%
LAWCOMM403,400,LAW,4%,67%,95%
LAWCOMM442,400,LAWCOMM,3%,81%,96%
LAWCOMM451,400,LAWCOMM,3%,57%,99%
LAWGENRL401,400,LAWGENRL,1%,57%,97%
LAWGENRL405,400,LAWGENRL,9%,73%,76%
LAWGENRL423,400,LAWGENRL,10%,58%,90%
LAWGENRL425,400,LAWGENRL,1%,65%,90%
LAWGENRL447,400,LAWGENRL,9%,80%,84%
LAWPUBL400,400,LAWGENRL,41%,94%,100%
LAWPUBL471,400,LAWPUBL,1%,55%,91%
MEDIA218,200,MEDIA,4%,41%,89%
MEDIA323,300,MEDIA,7%,43%,91%
MGMT300,300,MGMT,7%,67%,96%
PHIL209,200,PHIL,4%,31%,77%
SOCIOL211,200,SOCIOL,17%,59%,81%
SOCWORK180,100,SOCWORK,0%,9%,64%
SPANISH207,200,SPANISH,18%,36%,91%
SPANISH307,300,SPANISH,17%,42%,58%
SPORT203,200,SPANISH,10%,48%,90%
TFCEDUC15F,100,STATS,3%,15%,55%
ANCIENT100,100,ACCTG,14%,46%,74%
ANCIENT215,200,ANCIENT,0%,33%,80%
ANCIENT216,200,ANCIENT,18%,66%,88%
ANCIENT315,300,ANCIENT,0%,39%,95%
ANCIENT316,300,ANCIENT,17%,63%,94%
ANTHRO106,100,ANCIENT,2%,38%,79%
ANTHRO106G,100,ANCIENT,2%,42%,79%
ANTHRO234,200,ANTHRO,16%,43%,77%
ANTHRO252,200,ANTHRO,9%,58%,80%
ANTHRO357,300,ANTHRO,1%,38%,79%
ARTHIST217,200,ARTHIST,8%,58%,95%
ARTHIST246,200,ARTHIST,9%,52%,89%
ARTHIST317,300,ARTHIST,3%,65%,95%
ARTHIST346,300,ARTHIST,23%,68%,83%
CIVIL361,300,CIVIL,15%,65%,96%
COMMS311,300,COMMS,22%,67%,98%
COMMS315,300,COMMS,9%,48%,95%
CRIM303,300,CRIM,4%,57%,89%
DRAMA305,300,DRAMA,30%,85%,96%
EARTHSCI262,200,EARTHSCI,2%,44%,88%
EDCURRIC207,200,EDCURRIC,6%,27%,82%
EDCURRIC209,200,EDCURRIC,2%,49%,87%
EDCURRM108,100,EDCURRM,8%,59%,84%
EDCURRM109,100,EDCURRM,18%,58%,85%
EDCURRM205,200,EDCURRM,20%,83%,93%
EDUC117,100,EDUC,6%,38%,82%
EDUCM106,100,EDUCM,8%,52%,81%
ENGLISH265,200,ENGLISH,14%,49%,83%
ENGLISH310,300,ENGLISH,4%,48%,93%
ENVENG333,300,ENVENG,1%,34%,97%
EXERSCI304,300,EXERSCI,9%,58%,97%
FRENCH241,200,FRENCH,20%,67%,67%
FRENCH379,300,FRENCH,22%,65%,96%
GEOPHYS311,300,GEOPHYS,0%,22%,39%
GLOBAL204,200,GLOBAL,23%,81%,92%
GLOBAL252,200,GLOBAL,5%,49%,85%
GLOBAL304,300,GLOBAL,27%,81%,96%
GLOBAL352,300,GLOBAL,9%,61%,89%
INFOSYS300,300,INFOSYS,32%,91%,97%
LANGTCHG304,300,LANGTCHG,42%,89%,95%
LATINAM201,200,LATIN,37%,79%,98%
LATINAM303,300,LATINAM,36%,75%,89%
LAWCOMM444,400,LAWCOMM,3%,65%,100%
LAWGENRL455,400,LAWGENRL,3%,75%,92%
LAWGENRL456,400,LAWGENRL,1%,66%,93%
LAWPUBL406,400,LAWPUBL,3%,35%,89%
LINGUIST207,200,LINGUIST,34%,68%,91%
MAORI335,300,MAORI,9%,74%,88%
MATHS190,100,MATHS,26%,60%,87%
MATHS190G,100,MATHS,15%,44%,73%
MATHS334,300,MATHS,42%,67%,67%
MEDIA231,200,MEDIA,8%,41%,87%
MEDIA238,200,MEDIA,0%,35%,96%
MEDIA332,300,MEDIA,7%,51%,91%
MEDIA338,300,MEDIA,2%,36%,90%
MUS376,300,MUS,0%,22%,56%
PACIFIC205,200,PACIFIC,15%,39%,67%
PACIFIC305,300,PACIFIC,17%,38%,65%
PHIL260,200,PHIL,11%,38%,77%
PHIL360,300,PHIL,6%,32%,82%
PSYCH315,300,PSYCH,78%,78%,78%
SOCIOL315,300,SOCIOL,7%,42%,82%
SOCIOL322,300,SOCIOL,6%,36%,79%
SOCIOL333,300,SOCIOL,25%,67%,89%
CIVIL312,300,CIVIL,21%,57%,94%
CIVIL313,300,CIVIL,15%,68%,96%
CIVIL324,300,CIVIL,6%,42%,87%
CIVIL332,300,CIVIL,6%,50%,95%
ENVENG342,300,ENVENG,39%,89%,95%
HISTORY233,200,HISTORY,0%,45%,84%
HISTORY333,300,HISTORY,7%,70%,95%
LAWCOMM412,400,LAW,0%,52%,92%
LAWGENRL442,400,LAWGENRL,1%,55%,95%
LAWPUBL445,400,LAWPUBL,4%,66%,96%
LAWPUBL467,400,LAWPUBL,8%,63%,94%
ANTHRO212,200,ANTHRO,8%,50%,78%
ANTHRO250,200,ANTHRO,3%,34%,72%
ANTHRO319,300,ANTHRO,2%,30%,76%
ANTHRO373,300,ANTHRO,5%,38%,86%
BUSAN304,300,BUSAN,12%,62%,94%
CHEM254A,200,CHEM,36%,89%,98%
CIVIL201,200,CHINESE,74%,95%,98%
CLINIMAG301,300,CIVIL,0%,72%,99%
COMMS201,200,COMMS,3%,41%,91%
COMMS302,300,COMMS,15%,72%,95%
COMMS309,300,COMMS,1%,40%,93%
CRIM308,300,CRIM,17%,51%,81%
DESIGN222,200,DESIGN,50%,89%,98%
DRAMA304,300,DRAMA,4%,79%,93%
ECON232,200,ECON,26%,87%,100%
ECON351,300,ECON,22%,52%,85%
EDPROFST103,100,EDPROFST,5%,34%,75%
EDPROFST305,300,EDPROFST,20%,64%,98%
EDPROFST375,300,EDPROFST,23%,81%,94%
ENGLISH344,300,ENGLISH,47%,94%,94%
ENVCHG300,300,ENGWRIT,0%,33%,50%
FINEARTS234,200,FINEARTS,17%,87%,91%
FINEARTS240,200,FINEARTS,32%,68%,91%
FINEARTS244,200,FINEARTS,14%,55%,86%
FINEARTS248,200,FINEARTS,16%,56%,91%
GERMAN230,200,GERMAN,34%,79%,93%
GREEK100,100,GLOBAL,27%,44%,64%
GREEK301,300,GREEK,50%,88%,88%
HLTHSOC100,100,HLTHPSYC,9%,18%,74%
HUMSERV102,100,HUMSERV,11%,47%,81%
INFOSYS221,200,INFOSYS,12%,51%,89%
INNOVENT306,300,INNOVENT,16%,81%,99%
LAWCOMM456,400,LAWCOMM,11%,58%,90%
LAWGENRL424,400,LAWGENRL,0%,80%,99%
LAWGENRL427,400,LAWGENRL,0%,86%,98%
LAWPUBL402,400,LAWGENRL,4%,51%,94%
LAWPUBL408,400,LAWPUBL,2%,43%,90%
LINGUIST206,200,LINGUIST,27%,58%,91%
MEDIMAGE303,300,MEDIMAGE,0%,63%,100%
MUS291A,200,MUS,27%,90%,97%
MUS355,300,MUS,0%,67%,67%
PHARMACY410A,400,PHARMACY,2%,80%,99%
PHARMACY411,400,PHARMACY,2%,55%,95%
PHIL323,300,PHIL,13%,47%,81%
POLITICS315,300,POLITICS,12%,40%,80%
RUSSIAN100,100,PSYCH,28%,48%,65%
RUSSIAN100G,100,PSYCH,19%,46%,71%
SCREEN200,200,SCISCHOL,3%,77%,98%
SCREEN301,300,SCREEN,4%,56%,97%
SCREEN303,300,SCREEN,3%,78%,99%
SOCIOL213,200,SOCIOL,17%,54%,82%
SOCYOUTH300,300,SOCYOUTH,30%,75%,92%
THEOREL200,200,STATS,27%,62%,81%
THEOREL300,300,STATS,10%,38%,67%
URBPLAN301,300,STATS,9%,78%,97%
URBPLAN303,300,STATS,11%,65%,94%
URBPLAN305,300,STATS,15%,80%,96%
URBPLAN310,300,STATS,8%,64%,93%
ANCIENT256,200,ANCIENT,5%,62%,83%
ANCIENT356,300,ANCIENT,8%,51%,81%
ANTHRO366,300,ANTHRO,0%,47%,82%
ARTHIST245,200,ARTHIST,5%,55%,75%
ARTHIST345,300,ARTHIST,12%,62%,100%
CLINIMAG302,300,CIVIL,13%,70%,97%
DANCE250,200,DANCE,17%,58%,83%
DATASCI399,300,DATASCI,18%,93%,99%
DRAMA301,300,DRAMA,9%,88%,95%
ECON374,300,ECON,7%,45%,92%
EDCURRM113,100,EDCURRM,26%,68%,90%
EDPROFST306A,300,EDPROFST,9%,66%,96%
EDPROFST378,300,EDPROFST,61%,86%,96%
EDUC341,300,EDUC,18%,73%,94%
ENGLISH204,200,ENGLISH,12%,40%,73%
ENGLISH229,200,ENGLISH,3%,42%,89%
ENGLISH329,300,ENGLISH,3%,45%,97%
ENGLISH343,300,ENGLISH,44%,92%,100%
FINEARTS243,200,FINEARTS,9%,50%,82%
GEOPHYS213,200,GEOPHYS,12%,41%,68%
GREEK101,100,GREEK,58%,81%,92%
HISTORY225,200,HISTORY,13%,57%,85%
HISTORY335,300,HISTORY,19%,61%,92%
JAPANESE307,300,JAPANESE,17%,38%,83%
LATINAM200,200,LATIN,0%,56%,67%
LATINAM306,300,LATINAM,37%,70%,93%
LAWCOMM459,400,LAWCOMM,0%,56%,80%
LAWCOMM461,400,LAWCOMM,0%,64%,95%
LAWGENRL407,400,LAWGENRL,2%,59%,92%
LAWPUBL401,400,LAWGENRL,8%,66%,93%
LAWPUBL405,400,LAWPUBL,1%,65%,95%
LAWPUBL421,400,LAWPUBL,14%,68%,92%
LAWPUBL465,400,LAWPUBL,0%,50%,100%
LAWPUBL468,400,LAWPUBL,2%,68%,91%
MEDIA213,200,MEDIA,12%,55%,85%
MEDIA313,300,MEDIA,11%,65%,88%
MUS383,300,MUS,35%,80%,85%
PHARMACY412,400,PHARMACY,2%,70%,99%
POLITICS229,200,POLITICS,7%,44%,81%
PROPERTY371,300,PROPERTY,18%,60%,92%
SCREEN201,200,SCREEN,5%,58%,92%
SCREEN300,300,SCREEN,0%,76%,100%
SCREEN302,300,SCREEN,3%,76%,98%
TRANSLAT100,100,STATS,14%,52%,88%
TRANSLAT100G,100,STATS,14%,51%,91%
TRANSLAT101,100,STATS,0%,63%,88%
TRANSLAT300,300,STATS,0%,38%,88%
URBPLAN302,300,STATS,4%,50%,97%
URBPLAN304,300,STATS,21%,91%,97%
URBPLAN306,300,STATS,15%,71%,95%
URBPLAN311,300,STATS,11%,74%,95%
CIVIL211,200,CIVIL,7%,35%,95%
CIVIL250,200,CIVIL,4%,45%,96%
ENGLISH256,200,ENGLISH,16%,49%,73%
ENGLISH306,300,ENGLISH,13%,44%,81%
JAPANESE222,200,JAPANESE,7%,41%,96%
LAWCOMM437,400,LAWCOMM,2%,62%,99%
LAWCOMM440,400,LAWCOMM,0%,45%,91%
LAWGENRL438,400,LAWGENRL,0%,72%,97%
PHYSED104,100,PHYSED,0%,33%,72%
ANCIENT225,200,ANCIENT,0%,29%,82%
ANCIENT280,200,ANCIENT,4%,39%,80%
ANCIENT325,300,ANCIENT,8%,28%,69%
ANCIENT380,300,ANCIENT,7%,56%,83%
ANTHRO100,100,ANCIENT,14%,52%,80%
ANTHRO101,100,ANCIENT,10%,42%,80%
ANTHRO103,100,ANCIENT,3%,36%,77%
ANTHRO204,200,ANTHRO,3%,43%,82%
ANTHRO309,300,ANTHRO,16%,58%,84%
ARTHIST201,200,ARTHIST,0%,32%,84%
ARTHIST321,300,ARTHIST,4%,38%,75%
CAREER200,200,CAREER,9%,68%,82%
CHEM352A,300,CHEM,31%,56%,94%
CIVIL230,200,CIVIL,20%,63%,93%
COMMS300,300,COMMS,6%,60%,93%
CRIM201,200,COMPSYS,11%,59%,88%
ECON241,200,ECON,16%,64%,90%
EDCURRIC112,100,EDCURRIC,10%,63%,94%
EDCURRIC132,100,EDCURRIC,8%,20%,71%
EDCURRIC202,200,EDCURRIC,31%,80%,99%
EDCURRIC213,200,EDCURRIC,11%,61%,92%
EDCURRIC303,300,EDCURRIC,22%,84%,100%
EDCURRIC310,300,EDCURRIC,35%,80%,99%
EDCURRM202,200,EDCURRM,48%,83%,90%
EDCURRM204,200,EDCURRM,20%,63%,83%
EDCURRM301,300,EDCURRM,19%,65%,98%
EDPRACM302A,300,EDPRACM,52%,52%,89%
EDPROFST226,200,EDPROFST,34%,68%,89%
EDPROFST300,300,EDPROFST,25%,86%,97%
EDPROFST373,300,EDPROFST,19%,66%,96%
EDUC321,300,EDUC,13%,62%,95%
EDUCM321,300,EDUCM,0%,34%,81%
ENGLISH217,200,ENGLISH,6%,49%,88%
ENGLISH351,300,ENGLISH,6%,31%,71%
ENVENG341,300,ENVENG,17%,68%,97%
FINEARTS308,300,FINEARTS,39%,84%,100%
GEOG312,300,GEOG,16%,48%,88%
GEOG331,300,GEOG,5%,51%,92%
GEOG332,300,GEOG,7%,66%,89%
GERMAN211,200,GERMAN,38%,88%,100%
GLOBAL100,100,GISCI,20%,83%,97%
GLOBAL251,200,GLOBAL,13%,65%,79%
GLOBAL351,300,GLOBAL,63%,79%,89%
HUMSERV101,100,HUMS,6%,32%,80%
LANGTCHG202,200,LANGTCHG,34%,74%,93%
LAWCOMM465,400,LAWCOMM,7%,87%,100%
LAWGENRL444,400,LAWGENRL,6%,86%,100%
LAWPUBL420,400,LAWPUBL,6%,80%,97%
LAWPUBL458,400,LAWPUBL,2%,75%,85%
LAWPUBL470A,400,LAWPUBL,4%,57%,87%
MAORI271,200,MAORI,20%,59%,85%
MAORI370,300,MAORI,19%,46%,65%
MEDIA220,200,MEDIA,6%,32%,83%
MEDIA316,300,MEDIA,8%,45%,87%
MUS395A,300,MUS,0%,29%,100%
PHIL200,200,PHIL,6%,46%,77%
PHIL210,200,PHIL,9%,50%,88%
PHIL320,300,PHIL,5%,47%,87%
SOCCHFAM215,200,SCREEN,17%,67%,94%
SOCWORK113,100,SOCWORK,8%,33%,76%
SOCWORK115,100,SOCWORK,7%,40%,77%
SOCWORK212,200,SOCWORK,7%,54%,93%
SOCWORK216,200,SOCWORK,13%,46%,86%
TFCEDUC12F,100,STATS,12%,31%,59%
THEOREL209,200,STATS,13%,56%,94%
THEOREL301,300,STATS,32%,42%,74%
URBPLAN201,200,STATS,10%,82%,99%
URBPLAN202,200,STATS,6%,46%,97%
URBPLAN203,200,STATS,6%,74%,99%
URBPLAN210,200,STATS,10%,63%,99%
ANCIENT130,100,ANCIENT,8%,44%,77%
ANTHRO102,100,ANCIENT,5%,31%,75%
ANTHRO211,200,ANTHRO,7%,36%,83%
ANTHRO217,200,ANTHRO,9%,31%,69%
ANTHRO310,300,ANTHRO,17%,54%,75%
ANTHRO340,300,ANTHRO,10%,57%,81%
ANTHRO342,300,ANTHRO,7%,39%,84%
CHEM397,300,CHEM,38%,100%,100%
CHEM398,300,CHEM,21%,96%,100%
CIVIL220,200,CIVIL,29%,82%,99%
CIVIL221,200,CIVIL,7%,39%,96%
COMMS203,200,COMMS,7%,87%,100%
COMMS204,200,COMMS,6%,39%,86%
COMMS301,300,COMMS,14%,69%,93%
COMMS306,300,COMMS,7%,67%,95%
CRIM302,300,CRIM,19%,74%,92%
ECON242,200,ECON,8%,75%,94%
ECON343,300,ECON,6%,57%,96%
ECON375,300,ECON,70%,94%,98%
EDCURRIC110,100,EDCURRIC,23%,75%,97%
EDCURRIC339,300,EDCURRIC,23%,63%,96%
EDCURRIC362,300,EDCURRIC,51%,80%,88%
EDCURRM304,300,EDCURRM,18%,64%,93%
EDPROFM305,300,EDPROFM,48%,79%,93%
EDPROFM309,300,EDPROFM,31%,48%,93%
EDPROFST207A,200,EDPROFST,8%,68%,97%
EDPROFST304,300,EDPROFST,3%,52%,94%
EDPROFST313,300,EDPROFST,6%,66%,97%
EDPROFST319,300,EDPROFST,3%,48%,86%
EDPROFST363,300,EDPROFST,9%,62%,99%
EDPROFST374,300,EDPROFST,3%,56%,100%
EDPROFST377,300,EDPROFST,21%,76%,97%
EDPROFST392,300,EDPROFST,64%,92%,98%
ELECTENG303,300,ELECTENG,22%,68%,96%
ENGGEN100G,100,ENGGEN,8%,47%,85%
ENGLISH113,100,ENGLISH,6%,37%,69%
ENGLISH323,300,ENGLISH,5%,62%,90%
ENGSCI363,300,ENGSCI,62%,95%,99%
EXERSCI202,200,EXERSCI,11%,52%,84%
EXERSCI204,200,EXERSCI,7%,55%,93%
EXERSCI302,300,EXERSCI,3%,41%,94%
FINEARTS309,300,FINEARTS,18%,88%,99%
FRENCH239,200,FRENCH,6%,75%,81%
FRENCH339,300,FRENCH,11%,67%,89%
GERMAN302,300,GERMAN,52%,92%,96%
GERMAN306,300,GERMAN,58%,100%,100%
HISTORY224,200,HISTORY,15%,69%,89%
HUMS300,300,HUMS,15%,71%,88%
JAPANESE324,300,JAPANESE,0%,62%,100%
LANGTCHG300,300,LANGTCHG,6%,39%,90%
LATIN202,200,LATIN,22%,78%,94%
LATIN300,300,LATIN,25%,63%,63%
LAWGENRL454,400,LAWGENRL,0%,68%,95%
LINGUIST320,300,LINGUIST,5%,40%,90%
MECHENG312,300,MECHENG,44%,96%,99%
MEDIA219,200,MEDIA,8%,46%,86%
MEDIA224,200,MEDIA,13%,58%,94%
MEDIA319,300,MEDIA,13%,67%,95%
MEDIA326,300,MEDIA,9%,47%,89%
MUS174,100,MUS,24%,58%,79%
MUS246,200,MUS,7%,21%,64%
MUS346,300,MUS,6%,50%,100%
MUS358,300,MUS,35%,65%,90%
PHIL205,200,PHIL,0%,45%,83%
PHIL310,300,PHIL,2%,55%,90%
PHYSICS100,100,PHYSED,2%,34%,63%
PHYSICS100G,100,PHYSED,6%,44%,88%
POPLHLTH212,200,POPLHLTH,4%,51%,94%
RUSSIAN101,100,RUSSIAN,13%,73%,80%
SOCHLTH231,200,SOCHLTH,1%,45%,88%
SOCIOL203,200,SOCIOL,10%,31%,79%
SOCWORK112,100,SOCWORK,8%,31%,75%
SOCWORK211,200,SOCWORK,15%,74%,92%
SOCWORK221,200,SOCWORK,0%,38%,85%
SPANISH323,300,SPANISH,10%,75%,95%
STATS301,300,STATS,3%,29%,84%
URBPLAN204,200,STATS,1%,99%,99%
URBPLAN205,200,STATS,3%,92%,99%
URBPLAN211,200,STATS,10%,62%,95%
BUSINESS102,100,BUSAN,2%,48%,95%
COOKIS101,100,COMPSYS,10%,60%,100%
COOKIS101G,100,COMPSYS,18%,73%,91%
EDCURRIC204,200,EDCURRIC,3%,30%,91%
EDCURRIC350,300,EDCURRIC,20%,71%,96%
EDCURRIC361,300,EDCURRIC,31%,83%,98%
EDCURRIC368,300,EDCURRIC,25%,97%,98%
EDUC104G,100,EDUC,19%,53%,80%
HUMS101,100,HLTHPSYC,4%,40%,79%
LAWGENRL457,400,LAWGENRL,5%,63%,97%
MEDIA201,200,MEDIA,0%,46%,90%
MEDIA301,300,MEDIA,6%,48%,91%
PHIL212,200,PHIL,10%,76%,96%
PHIL332,300,PHIL,19%,81%,96%
ACCTG101,100,ACADENG,36%,74%,92%
ANCHIST110,100,ACCTG,24%,61%,81%
ANCHIST210,200,ACCTG,40%,52%,72%
ANCHIST254,200,ACCTG,12%,47%,90%
ANCHIST261,200,ACCTG,21%,66%,84%
ANCHIST354,300,ACCTG,10%,57%,88%
ANCHIST361,300,ACCTG,17%,86%,94%
ANTHRO203,200,ANTHRO,14%,55%,84%
ANTHRO268,200,ANTHRO,39%,83%,100%
ANTHRO368,300,ANTHRO,38%,73%,88%
ARCHDRC370,300,ARCHDRC,29%,71%,86%
ARCHTECH312,300,ARCHTECH,25%,38%,75%
ARTHIST200,200,ARTHIST,4%,64%,84%
ARTHIST206,200,ARTHIST,40%,70%,90%
ARTHIST300,300,ARTHIST,12%,54%,85%
ARTHIST313,300,ARTHIST,32%,74%,84%
BIOSCI320,300,BIOSCI,31%,90%,97%
BIOSCI396,300,BIOSCI,30%,89%,96%
BUSINESS101,100,BUSAN,8%,57%,92%
BUSINESS304,300,BUSINESS,14%,46%,88%
CHEM350,300,CHEM,57%,90%,99%
CIVIL210,200,CIVIL,39%,82%,98%
CLASSICS110,100,CIVIL,14%,71%,85%
CLASSICS110G,100,CIVIL,9%,68%,89%
COMLAW315,300,COMLAW,22%,62%,97%
COMMS206,200,COMMS,9%,48%,89%
COMMS304,300,COMMS,21%,65%,92%
EARTHSCI304,300,EARTHSCI,46%,67%,75%
EDCURRIC103,100,ECON,39%,79%,96%
EDCURRIC105,100,ECON,12%,48%,89%
EDCURRIC106,100,ECON,5%,46%,92%
EDCURRIC107,100,ECON,35%,72%,95%
EDCURRIC114,100,EDCURRIC,32%,95%,100%
EDCURRM101,100,EDCURRIC,16%,58%,74%
EDPROFM209,200,EDPROFM,38%,57%,86%
EDPROFM214,200,EDPROFM,14%,48%,67%
EDPROFST200,200,EDPROFST,24%,68%,100%
EDPROFST206,200,EDPROFST,27%,57%,98%
EDPROFST214,200,EDPROFST,34%,83%,99%
EDPROFST227,200,EDPROFST,31%,72%,100%
EDPROFST310,300,EDPROFST,5%,47%,95%
EDPROFST386,300,EDPROFST,16%,63%,100%
EDPROFST387,300,EDPROFST,53%,100%,100%
ELECTENG202,200,ELECTENG,15%,46%,88%
ELECTENG210,200,ELECTENG,10%,36%,85%
ENGLISH346,300,ENGLISH,6%,40%,86%
FINEARTS101,100,FINANCE,37%,75%,89%
FINEARTS104,100,FINANCE,22%,56%,81%
FINEARTS207,200,FINEARTS,24%,98%,100%
FINEARTS305,300,FINEARTS,28%,79%,95%
FINEARTS310,300,FINEARTS,80%,100%,100%
FINEARTS408,400,FINEARTS,13%,50%,100%
FOODSCI303,300,FOODSCI,8%,65%,100%
GEOG140,100,GEOG,25%,56%,80%
GEOG317,300,GEOG,20%,60%,87%
HISTORY259,200,HISTORY,25%,71%,94%
HISTORY359,300,HISTORY,24%,62%,92%
INFOSYS280,200,INFOSYS,47%,66%,74%
INFOSYS322,300,INFOSYS,6%,44%,84%
INFOSYS330,300,INFOSYS,18%,81%,94%
INFOSYS338,300,INFOSYS,63%,91%,100%
ITALIAN106,100,ITALIAN,56%,100%,100%
ITALIAN106G,100,ITALIAN,80%,95%,95%
ITALIAN204,200,ITALIAN,43%,86%,100%
LAWCOMM402,400,LAW,7%,62%,96%
LAWCOMM427,400,LAWCOMM,14%,75%,100%
LAWGENRL436,400,LAWGENRL,6%,61%,94%
LINGUIST308,300,LINGUIST,52%,89%,96%
MEDIA211,200,MEDIA,4%,61%,94%
MEDIA309,300,MEDIA,9%,64%,90%
MEDSCI303,300,MEDSCI,8%,44%,98%
MEDSCI304,300,MEDSCI,16%,51%,97%
MEDSCI307,300,MEDSCI,6%,47%,98%
MKTG201,200,MKTG,4%,68%,98%
MUS202,200,MUS,26%,56%,100%
MUS322,300,MUS,58%,89%,92%
MUS372,300,MUS,40%,100%,100%
MUS387,300,MUS,24%,76%,95%
PACIFIC209,200,PACIFIC,11%,44%,75%
PACIFIC309,300,PACIFIC,12%,40%,68%
PHIL261,200,PHIL,26%,53%,84%
PHIL361,300,PHIL,32%,52%,76%
POLITICS300,300,POLITICS,8%,64%,90%
SOCIOL206,200,SOCIOL,47%,84%,92%
SOCIOL210,200,SOCIOL,46%,91%,94%
SOCIOL317,300,SOCIOL,22%,63%,85%
SOCSCIPH200,200,SOCIOL,33%,89%,96%
SOFTENG250,200,SOFTENG,51%,90%,99%
SOFTENG251,200,SOFTENG,59%,89%,99%
THEOREL214,200,STATS,15%,65%,85%
THEOREL215,200,STATS,48%,78%,96%
THEOREL314,300,STATS,13%,75%,95%
THEOREL315,300,STATS,45%,73%,73%
URBPLAN102,100,STATS,26%,88%,93%
URBPLAN103,100,STATS,33%,86%,90%
URBPLAN110,100,STATS,31%,90%,93%
ANCHIST252,200,ACCTG,8%,29%,74%
ANCHIST352,300,ACCTG,55%,82%,85%
ANTHRO247,200,ANTHRO,4%,51%,76%
ANTHRO331,300,ANTHRO,8%,47%,81%
ANTHRO348,300,ANTHRO,3%,30%,88%
BIOSCI323,300,BIOSCI,18%,71%,94%
BIOSCI329,300,BIOSCI,9%,28%,81%
BIOSCI340,300,BIOSCI,8%,48%,92%
BUSINESS103,100,BUSAN,25%,95%,100%
CLASSICS130,100,CIVIL,2%,40%,72%
CLASSICS216,200,CIVIL,14%,48%,72%
CLASSICS316,300,CIVIL,7%,71%,82%
COMMS202,200,COMMS,5%,39%,83%
COMPSYS202,200,COMPSYS,13%,48%,89%
EARTHSCI102,100,DRAMA,13%,31%,62%
EARTHSCI305,300,EARTHSCI,17%,59%,93%
EARTHSCI330,300,EARTHSCI,14%,57%,93%
EDCURRIC111,100,EDCURRIC,13%,46%,97%
EDCURRIC211,200,EDCURRIC,23%,67%,95%
EDCURRIC212,200,EDCURRIC,28%,81%,95%
EDCURRM103,100,EDCURRIC,5%,25%,80%
EDCURRM105,100,EDCURRIC,11%,28%,83%
EDCURRM106,100,EDCURRIC,22%,44%,89%
EDPROFM205,200,EDPROFM,6%,28%,67%
EDPROFST204,200,EDPROFST,12%,45%,95%
EDPROFST205,200,EDPROFST,24%,64%,95%
EDPROFST372,300,EDPROFST,32%,87%,92%
ENGLISH313,300,ENGLISH,8%,48%,90%
ENVENG244,200,ENVENG,10%,79%,98%
FINEARTS102,100,FINANCE,13%,63%,91%
FINEARTS103,100,FINANCE,8%,49%,85%
FINEARTS204,200,FINEARTS,14%,73%,94%
FINEARTS208,200,FINEARTS,13%,82%,98%
FINEARTS212,200,FINEARTS,14%,100%,100%
FINEARTS409,400,FINEARTS,0%,38%,88%
FOODSCI302,300,FOODSCI,0%,47%,96%
FOODSCI304,300,FOODSCI,2%,45%,98%
FRENCH244,200,FRENCH,23%,64%,91%
FRENCH344,300,FRENCH,75%,100%,100%
GEOG315,300,GEOG,8%,73%,91%
GEOG322,300,GEOG,4%,42%,93%
GEOG324,300,GEOG,8%,54%,92%
GEOG330,300,GEOG,12%,85%,96%
GEOG334,300,GEOG,3%,36%,82%
HISTORY324,300,HISTORY,10%,63%,88%
INFOSYS320,300,INFOSYS,7%,64%,100%
INFOSYS323,300,INFOSYS,6%,50%,94%
INFOSYS344,300,INFOSYS,18%,64%,99%
LATINAM320,300,LATINAM,36%,64%,95%
LAWENVIR401,400,LAWCOMM,0%,43%,96%
LAWGENRL435,400,LAWGENRL,13%,73%,100%
MEDIA226,200,MEDIA,14%,79%,93%
MEDIA227,200,MEDIA,20%,50%,70%
MEDIA329,300,MEDIA,5%,53%,84%
MEDSCI305,300,MEDSCI,3%,51%,100%
MEDSCI306,300,MEDSCI,0%,33%,98%
MUS323,300,MUS,28%,93%,100%
PACIFIC211,200,PACIFIC,10%,35%,74%
PACIFIC300,300,PACIFIC,0%,35%,76%
PACIFIC311,300,PACIFIC,11%,37%,74%
PHIL217,200,PHIL,4%,50%,72%
PHIL301,300,PHIL,10%,80%,100%
PHIL337,300,PHIL,7%,43%,86%
PHYSICS245,200,PHYSICS,6%,18%,65%
SOCIOL334,300,SOCIOL,9%,58%,90%
SOCSCIPH300,300,SOCSCIPH,8%,64%,92%
SOCWORK213,200,SOCWORK,0%,50%,88%
SOCWORK214,200,SOCWORK,4%,39%,86%
SOFTENG211,200,SOFTENG,20%,86%,99%
SOFTENG254,200,SOFTENG,18%,90%,99%
SPANISH206,200,SPANISH,15%,62%,85%
SPANISH342,300,SPANISH,28%,40%,88%
THEOREL211,200,STATS,29%,71%,79%
THEOREL311,300,STATS,48%,86%,86%
URBPLAN104,100,STATS,2%,30%,83%
URBPLAN105,100,STATS,0%,33%,85%
URBPLAN111,100,STATS,11%,62%,91%
ANCHIST377,300,ACCTG,9%,82%,100%
CLASSICS215,200,CIVIL,36%,71%,100%
CLASSICS315,300,CIVIL,22%,89%,100%
EARTHSCI301,300,EARTHSCI,8%,88%,96%
EDUC119,100,EDUC,0%,26%,89%
LAWCOMM454,400,LAWCOMM,12%,59%,94%
LAWGENRL445,400,LAWGENRL,21%,61%,96%